Product_ID,Product_Name,Product_Category,Price
1,Wooden Serving Tray,Serveware,19.99
2,Glass Dish Rack,Miscellaneous Housewares,19.99
3,Compact Can Opener,Miscellaneous Housewares,19.99
4,Classic Cutting Board,Miscellaneous Housewares,19.99
5,Compact Tea Kettle,Drinkware,9.99
6,Insulated Tea Kettle,Drinkware,9.99
7,Wooden Grater,Kitchen Tools,15.99
8,Eco Drawer Organizer,Organizers,19.99
9,Classic Cutting Board 2,Miscellaneous Housewares,19.99
10,Deluxe Dustpan,Miscellaneous Housewares,19.99
11,Heavy-Duty Lunch Box,Food Storage,11.99
12,Deluxe Shower Curtain,Bathroom Accessories,19.99
13,Modern Mop,Cleaning Tools,19.99
14,Wooden Sponge Pack,Cleaning Tools,19.99
15,Modern Towel Set,Miscellaneous Housewares,19.99
16,Classic Paper Towel Holder,Miscellaneous Housewares,19.99
17,Eco Salt Shaker,Miscellaneous Housewares,19.99
18,Eco Trash Can,Miscellaneous Housewares,19.99
19,Heavy-Duty Whisk,Kitchen Tools,15.99
20,Glass Sponge Pack,Cleaning Tools,19.99
21,Classic Storage Container,Food Storage,11.99
22,Stainless Steel Skillet,Cookware,39.99
23,Classic Towel Set,Miscellaneous Housewares,19.99
24,Eco Tea Kettle,Drinkware,9.99
25,Classic Dish Rack,Miscellaneous Housewares,19.99
26,Wooden Toilet Brush,Bathroom Accessories,19.99
27,Insulated Paper Towel Holder,Miscellaneous Housewares,19.99
28,Insulated Mop,Cleaning Tools,19.99
29,Heavy-Duty Tea Kettle,Drinkware,9.99
30,Deluxe Salt Shaker,Miscellaneous Housewares,19.99
31,Classic Dish Rack 2,Miscellaneous Housewares,19.99
32,Compact Towel Set,Miscellaneous Housewares,19.99
33,Stainless Steel Shower Curtain,Bathroom Accessories,19.99
34,Lightweight Whisk,Kitchen Tools,15.99
35,Insulated Bath Mat,Bathroom Accessories,19.99
36,Compact Skillet,Cookware,39.99
37,Ceramic Ice Cube Tray,Serveware,19.99
38,Lightweight Soap Dispenser,Miscellaneous Housewares,19.99
39,Insulated Lunch Box,Food Storage,11.99
40,Insulated Lunch Box 2,Food Storage,11.99
41,Stainless Steel Dish Rack,Miscellaneous Housewares,19.99
42,Ceramic Spatula,Kitchen Tools,15.99
43,Ceramic Can Opener,Miscellaneous Housewares,19.99
44,Ceramic Toilet Brush,Bathroom Accessories,19.99
45,Glass Grater,Kitchen Tools,15.99
46,Compact Shower Curtain,Bathroom Accessories,19.99
47,Eco Food Scale,Miscellaneous Housewares,19.99
48,Wooden Colander,Miscellaneous Housewares,19.99
49,Modern Kitchen Knife,Kitchen Tools,15.99
50,Premium Dish Rack,Miscellaneous Housewares,19.99
51,Stainless Steel Salt Shaker,Miscellaneous Housewares,19.99
52,Wooden Kitchen Knife,Kitchen Tools,15.99
53,Lightweight Mixing Bowl,Dinnerware,14.99
54,Eco Drawer Organizer 2,Organizers,19.99
55,Insulated Mixing Bowl,Dinnerware,14.99
56,Classic Broom,Cleaning Tools,19.99
57,Insulated Dustpan,Miscellaneous Housewares,19.99
58,Insulated Soap Dispenser,Miscellaneous Housewares,19.99
59,Stainless Steel Drawer Organizer,Organizers,19.99
60,Glass Baking Sheet,Cookware,39.99
61,Heavy-Duty Skillet,Cookware,39.99
62,Classic Sponge Pack,Cleaning Tools,19.99
63,Wooden Shower Curtain,Bathroom Accessories,19.99
64,Eco Measuring Cup,Miscellaneous Housewares,19.99
65,Insulated Oven Mitt,Cookware,39.99
66,Modern Grater,Kitchen Tools,15.99
67,Stainless Steel Measuring Cup,Miscellaneous Housewares,19.99
68,Ceramic Dish Rack,Miscellaneous Housewares,19.99
69,Heavy-Duty Sponge Pack,Cleaning Tools,19.99
70,Stainless Steel Rolling Pin,Miscellaneous Housewares,19.99
71,Glass Mixing Bowl,Dinnerware,14.99
72,Classic Serving Tray,Serveware,19.99
73,Wooden Baking Sheet,Cookware,39.99
74,Classic Grater,Kitchen Tools,15.99
75,Classic Dish Rack 3,Miscellaneous Housewares,19.99
76,Compact Oven Mitt,Cookware,39.99
77,Wooden Lunch Box,Food Storage,11.99
78,Insulated Oven Mitt 2,Cookware,39.99
79,Insulated Dustpan 2,Miscellaneous Housewares,19.99
80,Ceramic Serving Tray,Serveware,19.99
81,Stainless Steel Dish Rack 2,Miscellaneous Housewares,19.99
82,Stainless Steel Pepper Grinder,Miscellaneous Housewares,19.99
83,Insulated Laundry Basket,Laundry Supplies,19.99
84,Premium Lunch Box,Food Storage,11.99
85,Deluxe Rolling Pin,Miscellaneous Housewares,19.99
86,Insulated Water Bottle,Drinkware,9.99
87,Ceramic Skillet,Cookware,39.99
88,Deluxe Food Scale,Miscellaneous Housewares,19.99
89,Insulated Bath Mat 2,Bathroom Accessories,19.99
90,Stainless Steel Dustpan,Miscellaneous Housewares,19.99
91,Eco Coffee Mug,Drinkware,9.99
92,Compact Drawer Organizer,Organizers,19.99
93,Heavy-Duty Skillet 2,Cookware,39.99
94,Stainless Steel Food Scale,Miscellaneous Housewares,19.99
95,Eco Salt Shaker 2,Miscellaneous Housewares,19.99
96,Deluxe Colander,Miscellaneous Housewares,19.99
97,Classic Towel Set 2,Miscellaneous Housewares,19.99
98,Lightweight Dish Rack,Miscellaneous Housewares,19.99
99,Ceramic Tea Kettle,Drinkware,9.99
100,Glass Dustpan,Miscellaneous Housewares,19.99
101,Stainless Steel Oven Mitt,Cookware,39.99
102,Eco Soap Dispenser,Miscellaneous Housewares,19.99
103,Modern Mop 2,Cleaning Tools,19.99
104,Ceramic Lunch Box,Food Storage,11.99
105,Eco Toilet Brush,Bathroom Accessories,19.99
106,Deluxe Dustpan 2,Miscellaneous Housewares,19.99
107,Heavy-Duty Tea Kettle 2,Drinkware,9.99
108,Classic Serving Tray 2,Serveware,19.99
109,Stainless Steel Spatula,Kitchen Tools,15.99
110,Insulated Food Scale,Miscellaneous Housewares,19.99
111,Glass Water Bottle,Drinkware,9.99
112,Eco Sponge Pack,Cleaning Tools,19.99
113,Eco Storage Container,Food Storage,11.99
114,Deluxe Food Scale 2,Miscellaneous Housewares,19.99
115,Compact Water Bottle,Drinkware,9.99
116,Glass Cutting Board,Miscellaneous Housewares,19.99
117,Stainless Steel Food Scale 2,Miscellaneous Housewares,19.99
118,Ceramic Mop,Cleaning Tools,19.99
119,Classic Salt Shaker,Miscellaneous Housewares,19.99
120,Premium Lunch Box 2,Food Storage,11.99
121,Stainless Steel Coffee Mug,Drinkware,9.99
122,Compact Skillet 2,Cookware,39.99
123,Lightweight Lunch Box,Food Storage,11.99
124,Classic Salt Shaker 2,Miscellaneous Housewares,19.99
125,Lightweight Sponge Pack,Cleaning Tools,19.99
126,Compact Coffee Mug,Drinkware,9.99
127,Lightweight Baking Sheet,Cookware,39.99
128,Modern Food Scale,Miscellaneous Housewares,19.99
129,Insulated Shower Curtain,Bathroom Accessories,19.99
130,Stainless Steel Water Bottle,Drinkware,9.99
131,Insulated Salt Shaker,Miscellaneous Housewares,19.99
132,Wooden Serving Tray 2,Serveware,19.99
133,Stainless Steel Trash Can,Miscellaneous Housewares,19.99
134,Wooden Coffee Mug,Drinkware,9.99
135,Stainless Steel Dustpan 2,Miscellaneous Housewares,19.99
136,Stainless Steel Cutting Board,Miscellaneous Housewares,19.99
137,Premium Shower Curtain,Bathroom Accessories,19.99
138,Lightweight Cutting Board,Miscellaneous Housewares,19.99
139,Premium Laundry Basket,Laundry Supplies,19.99
140,Premium Whisk,Kitchen Tools,15.99
141,Eco Serving Tray,Serveware,19.99
142,Premium Coffee Mug,Drinkware,9.99
143,Eco Pepper Grinder,Miscellaneous Housewares,19.99
144,Wooden Dustpan,Miscellaneous Housewares,19.99
145,Classic Measuring Cup,Miscellaneous Housewares,19.99
146,Wooden Coffee Mug 2,Drinkware,9.99
147,Insulated Toilet Brush,Bathroom Accessories,19.99
148,Classic Sponge Pack 2,Cleaning Tools,19.99
149,Deluxe Mixing Bowl,Dinnerware,14.99
150,Glass Toilet Brush,Bathroom Accessories,19.99
151,Lightweight Broom,Cleaning Tools,19.99
152,Eco Paper Towel Holder,Miscellaneous Housewares,19.99
153,Eco Tea Kettle 2,Drinkware,9.99
154,Classic Shower Curtain,Bathroom Accessories,19.99
155,Glass Colander,Miscellaneous Housewares,19.99
156,Stainless Steel Broom,Cleaning Tools,19.99
157,Eco Whisk,Kitchen Tools,15.99
158,Heavy-Duty Whisk 2,Kitchen Tools,15.99
159,Compact Dustpan,Miscellaneous Housewares,19.99
160,Glass Baking Sheet 2,Cookware,39.99
161,Heavy-Duty Plate Set,Dinnerware,14.99
162,Glass Water Bottle 2,Drinkware,9.99
163,Heavy-Duty Drawer Organizer,Organizers,19.99
164,Eco Food Scale 2,Miscellaneous Housewares,19.99
165,Eco Salt Shaker 3,Miscellaneous Housewares,19.99
166,Deluxe Can Opener,Miscellaneous Housewares,19.99
167,Modern Trash Can,Miscellaneous Housewares,19.99
168,Deluxe Soap Dispenser,Miscellaneous Housewares,19.99
169,Classic Cutting Board 3,Miscellaneous Housewares,19.99
170,Stainless Steel Mop,Cleaning Tools,19.99
171,Eco Baking Sheet,Cookware,39.99
172,Glass Sponge Pack 2,Cleaning Tools,19.99
173,Eco Saucepan,Cookware,39.99
174,Ceramic Can Opener 2,Miscellaneous Housewares,19.99
175,Classic Skillet,Cookware,39.99
176,Wooden Salt Shaker,Miscellaneous Housewares,19.99
177,Insulated Colander,Miscellaneous Housewares,19.99
178,Stainless Steel Pepper Grinder 2,Miscellaneous Housewares,19.99
179,Ceramic Ice Cube Tray 2,Serveware,19.99
180,Compact Storage Container,Food Storage,11.99
181,Modern Serving Tray,Serveware,19.99
182,Premium Salt Shaker,Miscellaneous Housewares,19.99
183,Ceramic Lunch Box 2,Food Storage,11.99
184,Lightweight Baking Sheet 2,Cookware,39.99
185,Modern Lunch Box,Food Storage,11.99
186,Deluxe Food Scale 3,Miscellaneous Housewares,19.99
187,Insulated Serving Tray,Serveware,19.99
188,Lightweight Can Opener,Miscellaneous Housewares,19.99
189,Eco Cutting Board,Miscellaneous Housewares,19.99
190,Eco Saucepan 2,Cookware,39.99
191,Lightweight Dish Rack 2,Miscellaneous Housewares,19.99
192,Premium Colander,Miscellaneous Housewares,19.99
193,Wooden Spatula,Kitchen Tools,15.99
194,Premium Plate Set,Dinnerware,14.99
195,Insulated Broom,Cleaning Tools,19.99
196,Stainless Steel Colander,Miscellaneous Housewares,19.99
197,Modern Coffee Mug,Drinkware,9.99
198,Premium Dustpan,Miscellaneous Housewares,19.99
199,Ceramic Cutting Board,Miscellaneous Housewares,19.99
200,Ceramic Dustpan,Miscellaneous Housewares,19.99
201,Premium Lunch Box 3,Food Storage,11.99
202,Deluxe Mixing Bowl 2,Dinnerware,14.99
203,Ceramic Drawer Organizer,Organizers,19.99
204,Premium Bath Mat,Bathroom Accessories,19.99
205,Glass Broom,Cleaning Tools,19.99
206,Modern Serving Tray 2,Serveware,19.99
207,Ceramic Towel Set,Miscellaneous Housewares,19.99
208,Glass Dustpan 2,Miscellaneous Housewares,19.99
209,Wooden Can Opener,Miscellaneous Housewares,19.99
210,Heavy-Duty Pepper Grinder,Miscellaneous Housewares,19.99
211,Stainless Steel Rolling Pin 2,Miscellaneous Housewares,19.99
212,Eco Salt Shaker 4,Miscellaneous Housewares,19.99
213,Wooden Food Scale,Miscellaneous Housewares,19.99
214,Insulated Lunch Box 3,Food Storage,11.99
215,Insulated Baking Sheet,Cookware,39.99
216,Eco Oven Mitt,Cookware,39.99
217,Lightweight Spatula,Kitchen Tools,15.99
218,Stainless Steel Trash Can 2,Miscellaneous Housewares,19.99
219,Glass Cutting Board 2,Miscellaneous Housewares,19.99
220,Ceramic Spatula 2,Kitchen Tools,15.99
221,Wooden Coffee Mug 3,Drinkware,9.99
222,Deluxe Paper Towel Holder,Miscellaneous Housewares,19.99
223,Glass Paper Towel Holder,Miscellaneous Housewares,19.99
224,Eco Pepper Grinder 2,Miscellaneous Housewares,19.99
225,Premium Measuring Cup,Miscellaneous Housewares,19.99
226,Insulated Saucepan,Cookware,39.99
227,Compact Trash Can,Miscellaneous Housewares,19.99
228,Ceramic Cutting Board 2,Miscellaneous Housewares,19.99
229,Deluxe Baking Sheet,Cookware,39.99
230,Eco Kitchen Knife,Kitchen Tools,15.99
231,Deluxe Storage Container,Food Storage,11.99
232,Stainless Steel Plate Set,Dinnerware,14.99
233,Ceramic Dustpan 2,Miscellaneous Housewares,19.99
234,Premium Rolling Pin,Miscellaneous Housewares,19.99
235,Heavy-Duty Cutting Board,Miscellaneous Housewares,19.99
236,Insulated Cutting Board,Miscellaneous Housewares,19.99
237,Lightweight Food Scale,Miscellaneous Housewares,19.99
238,Insulated Lunch Box 4,Food Storage,11.99
239,Wooden Storage Container,Food Storage,11.99
240,Eco Trash Can 2,Miscellaneous Housewares,19.99
241,Glass Dish Rack 2,Miscellaneous Housewares,19.99
242,Eco Coffee Mug 2,Drinkware,9.99
243,Modern Grater 2,Kitchen Tools,15.99
244,Ceramic Spatula 3,Kitchen Tools,15.99
245,Premium Ice Cube Tray,Serveware,19.99
246,Insulated Laundry Basket 2,Laundry Supplies,19.99
247,Insulated Bath Mat 3,Bathroom Accessories,19.99
248,Premium Plate Set 2,Dinnerware,14.99
249,Wooden Mop,Cleaning Tools,19.99
250,Heavy-Duty Towel Set,Miscellaneous Housewares,19.99
251,Compact Soap Dispenser,Miscellaneous Housewares,19.99
252,Premium Food Scale,Miscellaneous Housewares,19.99
253,Insulated Paper Towel Holder 2,Miscellaneous Housewares,19.99
254,Stainless Steel Coffee Mug 2,Drinkware,9.99
255,Premium Shower Curtain 2,Bathroom Accessories,19.99
256,Glass Baking Sheet 3,Cookware,39.99
257,Heavy-Duty Pepper Grinder 2,Miscellaneous Housewares,19.99
258,Classic Coffee Mug,Drinkware,9.99
259,Wooden Cutting Board,Miscellaneous Housewares,19.99
260,Premium Coffee Mug 2,Drinkware,9.99
261,Classic Measuring Cup 2,Miscellaneous Housewares,19.99
262,Stainless Steel Toilet Brush,Bathroom Accessories,19.99
263,Compact Rolling Pin,Miscellaneous Housewares,19.99
264,Deluxe Trash Can,Miscellaneous Housewares,19.99
265,Stainless Steel Pepper Grinder 3,Miscellaneous Housewares,19.99
266,Glass Spatula,Kitchen Tools,15.99
267,Lightweight Spatula 2,Kitchen Tools,15.99
268,Ceramic Shower Curtain,Bathroom Accessories,19.99
269,Compact Laundry Basket,Laundry Supplies,19.99
270,Lightweight Soap Dispenser 2,Miscellaneous Housewares,19.99
271,Classic Bath Mat,Bathroom Accessories,19.99
272,Premium Cutting Board,Miscellaneous Housewares,19.99
273,Ceramic Coffee Mug,Drinkware,9.99
274,Classic Can Opener,Miscellaneous Housewares,19.99
275,Modern Colander,Miscellaneous Housewares,19.99
276,Modern Paper Towel Holder,Miscellaneous Housewares,19.99
277,Wooden Plate Set,Dinnerware,14.99
278,Deluxe Measuring Cup,Miscellaneous Housewares,19.99
279,Classic Laundry Basket,Laundry Supplies,19.99
280,Classic Spatula,Kitchen Tools,15.99
281,Premium Shower Curtain 3,Bathroom Accessories,19.99
282,Ceramic Mixing Bowl,Dinnerware,14.99
283,Deluxe Serving Tray,Serveware,19.99
284,Glass Towel Set,Miscellaneous Housewares,19.99
285,Heavy-Duty Serving Tray,Serveware,19.99
286,Insulated Paper Towel Holder 3,Miscellaneous Housewares,19.99
287,Modern Tea Kettle,Drinkware,9.99
288,Premium Ice Cube Tray 2,Serveware,19.99
289,Insulated Broom 2,Cleaning Tools,19.99
290,Glass Water Bottle 3,Drinkware,9.99
291,Ceramic Dish Rack 2,Miscellaneous Housewares,19.99
292,Modern Mixing Bowl,Dinnerware,14.99
293,Lightweight Plate Set,Dinnerware,14.99
294,Eco Food Scale 3,Miscellaneous Housewares,19.99
295,Lightweight Pepper Grinder,Miscellaneous Housewares,19.99
296,Lightweight Can Opener 2,Miscellaneous Housewares,19.99
297,Wooden Bath Mat,Bathroom Accessories,19.99
298,Compact Measuring Cup,Miscellaneous Housewares,19.99
299,Compact Saucepan,Cookware,39.99
300,Stainless Steel Sponge Pack,Cleaning Tools,19.99
301,Classic Sponge Pack 3,Cleaning Tools,19.99
302,Lightweight Salt Shaker,Miscellaneous Housewares,19.99
303,Stainless Steel Whisk,Kitchen Tools,15.99
304,Modern Grater 3,Kitchen Tools,15.99
305,Lightweight Tea Kettle,Drinkware,9.99
306,Classic Water Bottle,Drinkware,9.99
307,Insulated Ice Cube Tray,Serveware,19.99
308,Eco Shower Curtain,Bathroom Accessories,19.99
309,Ceramic Dustpan 3,Miscellaneous Housewares,19.99
310,Ceramic Food Scale,Miscellaneous Housewares,19.99
311,Eco Soap Dispenser 2,Miscellaneous Housewares,19.99
312,Lightweight Cutting Board 2,Miscellaneous Housewares,19.99
313,Eco Shower Curtain 2,Bathroom Accessories,19.99
314,Modern Water Bottle,Drinkware,9.99
315,Wooden Toilet Brush 2,Bathroom Accessories,19.99
316,Premium Cutting Board 2,Miscellaneous Housewares,19.99
317,Premium Spatula,Kitchen Tools,15.99
318,Heavy-Duty Shower Curtain,Bathroom Accessories,19.99
319,Insulated Towel Set,Miscellaneous Housewares,19.99
320,Premium Tea Kettle,Drinkware,9.99
321,Insulated Lunch Box 5,Food Storage,11.99
322,Eco Salt Shaker 5,Miscellaneous Housewares,19.99
323,Heavy-Duty Measuring Cup,Miscellaneous Housewares,19.99
324,Stainless Steel Oven Mitt 2,Cookware,39.99
325,Classic Pepper Grinder,Miscellaneous Housewares,19.99
326,Classic Tea Kettle,Drinkware,9.99
327,Eco Spatula,Kitchen Tools,15.99
328,Compact Lunch Box,Food Storage,11.99
329,Glass Rolling Pin,Miscellaneous Housewares,19.99
330,Deluxe Rolling Pin 2,Miscellaneous Housewares,19.99
331,Eco Whisk 2,Kitchen Tools,15.99
332,Premium Mixing Bowl,Dinnerware,14.99
333,Compact Tea Kettle 2,Drinkware,9.99
334,Deluxe Sponge Pack,Cleaning Tools,19.99
335,Ceramic Mop 2,Cleaning Tools,19.99
336,Wooden Sponge Pack 2,Cleaning Tools,19.99
337,Wooden Plate Set 2,Dinnerware,14.99
338,Classic Oven Mitt,Cookware,39.99
339,Eco Kitchen Knife 2,Kitchen Tools,15.99
340,Glass Spatula 2,Kitchen Tools,15.99
341,Wooden Serving Tray 3,Serveware,19.99
342,Glass Coffee Mug,Drinkware,9.99
343,Compact Spatula,Kitchen Tools,15.99
344,Wooden Skillet,Cookware,39.99
345,Lightweight Ice Cube Tray,Serveware,19.99
346,Ceramic Kitchen Knife,Kitchen Tools,15.99
347,Premium Bath Mat 2,Bathroom Accessories,19.99
348,Wooden Tea Kettle,Drinkware,9.99
349,Modern Laundry Basket,Laundry Supplies,19.99
350,Ceramic Spatula 4,Kitchen Tools,15.99
351,Insulated Towel Set 2,Miscellaneous Housewares,19.99
352,Wooden Cutting Board 2,Miscellaneous Housewares,19.99
353,Wooden Skillet 2,Cookware,39.99
354,Premium Dish Rack 2,Miscellaneous Housewares,19.99
355,Insulated Ice Cube Tray 2,Serveware,19.99
356,Compact Storage Container 2,Food Storage,11.99
357,Compact Mop,Cleaning Tools,19.99
358,Eco Mixing Bowl,Dinnerware,14.99
359,Wooden Food Scale 2,Miscellaneous Housewares,19.99
360,Insulated Mixing Bowl 2,Dinnerware,14.99
361,Glass Sponge Pack 3,Cleaning Tools,19.99
362,Deluxe Pepper Grinder,Miscellaneous Housewares,19.99
363,Heavy-Duty Paper Towel Holder,Miscellaneous Housewares,19.99
364,Deluxe Bath Mat,Bathroom Accessories,19.99
365,Modern Rolling Pin,Miscellaneous Housewares,19.99
366,Deluxe Soap Dispenser 2,Miscellaneous Housewares,19.99
367,Premium Soap Dispenser,Miscellaneous Housewares,19.99
368,Lightweight Soap Dispenser 3,Miscellaneous Housewares,19.99
369,Stainless Steel Can Opener,Miscellaneous Housewares,19.99
370,Glass Grater 2,Kitchen Tools,15.99
371,Glass Coffee Mug 2,Drinkware,9.99
372,Eco Rolling Pin,Miscellaneous Housewares,19.99
373,Deluxe Grater,Kitchen Tools,15.99
374,Premium Tea Kettle 2,Drinkware,9.99
375,Modern Skillet,Cookware,39.99
376,Premium Lunch Box 4,Food Storage,11.99
377,Deluxe Broom,Cleaning Tools,19.99
378,Wooden Towel Set,Miscellaneous Housewares,19.99
379,Heavy-Duty Colander,Miscellaneous Housewares,19.99
380,Deluxe Laundry Basket,Laundry Supplies,19.99
381,Eco Coffee Mug 3,Drinkware,9.99
382,Insulated Oven Mitt 3,Cookware,39.99
383,Wooden Plate Set 3,Dinnerware,14.99
384,Eco Bath Mat,Bathroom Accessories,19.99
385,Stainless Steel Food Scale 3,Miscellaneous Housewares,19.99
386,Modern Measuring Cup,Miscellaneous Housewares,19.99
387,Deluxe Drawer Organizer,Organizers,19.99
388,Ceramic Toilet Brush 2,Bathroom Accessories,19.99
389,Classic Drawer Organizer,Organizers,19.99
390,Heavy-Duty Dish Rack,Miscellaneous Housewares,19.99
391,Modern Water Bottle 2,Drinkware,9.99
392,Compact Dustpan 2,Miscellaneous Housewares,19.99
393,Premium Water Bottle,Drinkware,9.99
394,Heavy-Duty Bath Mat,Bathroom Accessories,19.99
395,Classic Cutting Board 4,Miscellaneous Housewares,19.99
396,Lightweight Baking Sheet 3,Cookware,39.99
397,Stainless Steel Sponge Pack 2,Cleaning Tools,19.99
398,Wooden Paper Towel Holder,Miscellaneous Housewares,19.99
399,Eco Can Opener,Miscellaneous Housewares,19.99
400,Premium Shower Curtain 4,Bathroom Accessories,19.99
401,Classic Paper Towel Holder 2,Miscellaneous Housewares,19.99
402,Glass Towel Set 2,Miscellaneous Housewares,19.99
403,Lightweight Grater,Kitchen Tools,15.99
404,Ceramic Colander,Miscellaneous Housewares,19.99
405,Insulated Skillet,Cookware,39.99
406,Heavy-Duty Skillet 3,Cookware,39.99
407,Insulated Skillet 2,Cookware,39.99
408,Insulated Storage Container,Food Storage,11.99
409,Insulated Mixing Bowl 3,Dinnerware,14.99
410,Classic Measuring Cup 3,Miscellaneous Housewares,19.99
411,Eco Food Scale 4,Miscellaneous Housewares,19.99
412,Compact Bath Mat,Bathroom Accessories,19.99
413,Glass Mixing Bowl 2,Dinnerware,14.99
414,Deluxe Salt Shaker 2,Miscellaneous Housewares,19.99
415,Stainless Steel Toilet Brush 2,Bathroom Accessories,19.99
416,Deluxe Saucepan,Cookware,39.99
417,Ceramic Serving Tray 2,Serveware,19.99
418,Deluxe Baking Sheet 2,Cookware,39.99
419,Heavy-Duty Plate Set 2,Dinnerware,14.99
420,Lightweight Paper Towel Holder,Miscellaneous Housewares,19.99
421,Stainless Steel Drawer Organizer 2,Organizers,19.99
422,Ceramic Saucepan,Cookware,39.99
423,Eco Baking Sheet 2,Cookware,39.99
424,Ceramic Shower Curtain 2,Bathroom Accessories,19.99
425,Insulated Lunch Box 6,Food Storage,11.99
426,Heavy-Duty Spatula,Kitchen Tools,15.99
427,Lightweight Grater 2,Kitchen Tools,15.99
428,Eco Soap Dispenser 3,Miscellaneous Housewares,19.99
429,Ceramic Towel Set 2,Miscellaneous Housewares,19.99
430,Heavy-Duty Food Scale,Miscellaneous Housewares,19.99
431,Heavy-Duty Plate Set 3,Dinnerware,14.99
432,Eco Saucepan 3,Cookware,39.99
433,Classic Mop,Cleaning Tools,19.99
434,Premium Dish Rack 3,Miscellaneous Housewares,19.99
435,Wooden Salt Shaker 2,Miscellaneous Housewares,19.99
436,Modern Drawer Organizer,Organizers,19.99
437,Ceramic Towel Set 3,Miscellaneous Housewares,19.99
438,Stainless Steel Drawer Organizer 3,Organizers,19.99
439,Lightweight Sponge Pack 2,Cleaning Tools,19.99
440,Compact Bath Mat 2,Bathroom Accessories,19.99
441,Glass Salt Shaker,Miscellaneous Housewares,19.99
442,Deluxe Dish Rack,Miscellaneous Housewares,19.99
443,Stainless Steel Salt Shaker 2,Miscellaneous Housewares,19.99
444,Premium Grater,Kitchen Tools,15.99
445,Modern Colander 2,Miscellaneous Housewares,19.99
446,Classic Towel Set 3,Miscellaneous Housewares,19.99
447,Modern Mop 3,Cleaning Tools,19.99
448,Insulated Saucepan 2,Cookware,39.99
449,Eco Soap Dispenser 4,Miscellaneous Housewares,19.99
450,Insulated Plate Set,Dinnerware,14.99
451,Heavy-Duty Colander 2,Miscellaneous Housewares,19.99
452,Modern Toilet Brush,Bathroom Accessories,19.99
453,Heavy-Duty Measuring Cup 2,Miscellaneous Housewares,19.99
454,Glass Saucepan,Cookware,39.99
455,Compact Paper Towel Holder,Miscellaneous Housewares,19.99
456,Premium Kitchen Knife,Kitchen Tools,15.99
457,Wooden Storage Container 2,Food Storage,11.99
458,Deluxe Whisk,Kitchen Tools,15.99
459,Heavy-Duty Serving Tray 2,Serveware,19.99
460,Glass Whisk,Kitchen Tools,15.99
461,Insulated Towel Set 3,Miscellaneous Housewares,19.99
462,Modern Coffee Mug 2,Drinkware,9.99
463,Classic Trash Can,Miscellaneous Housewares,19.99
464,Classic Trash Can 2,Miscellaneous Housewares,19.99
465,Classic Whisk,Kitchen Tools,15.99
466,Deluxe Cutting Board,Miscellaneous Housewares,19.99
467,Lightweight Food Scale 2,Miscellaneous Housewares,19.99
468,Classic Plate Set,Dinnerware,14.99
469,Eco Toilet Brush 2,Bathroom Accessories,19.99
470,Premium Dustpan 2,Miscellaneous Housewares,19.99
471,Heavy-Duty Skillet 4,Cookware,39.99
472,Modern Serving Tray 3,Serveware,19.99
473,Compact Pepper Grinder,Miscellaneous Housewares,19.99
474,Deluxe Dish Rack 2,Miscellaneous Housewares,19.99
475,Wooden Towel Set 2,Miscellaneous Housewares,19.99
476,Insulated Whisk,Kitchen Tools,15.99
477,Modern Salt Shaker,Miscellaneous Housewares,19.99
478,Stainless Steel Measuring Cup 2,Miscellaneous Housewares,19.99
479,Stainless Steel Cutting Board 2,Miscellaneous Housewares,19.99
480,Wooden Broom,Cleaning Tools,19.99
481,Lightweight Food Scale 3,Miscellaneous Housewares,19.99
482,Premium Saucepan,Cookware,39.99
483,Eco Cutting Board 2,Miscellaneous Housewares,19.99
484,Lightweight Tea Kettle 2,Drinkware,9.99
485,Stainless Steel Food Scale 4,Miscellaneous Housewares,19.99
486,Modern Dish Rack,Miscellaneous Housewares,19.99
487,Stainless Steel Mop 2,Cleaning Tools,19.99
488,Premium Dustpan 3,Miscellaneous Housewares,19.99
489,Wooden Drawer Organizer,Organizers,19.99
490,Eco Dish Rack,Miscellaneous Housewares,19.99
491,Premium Sponge Pack,Cleaning Tools,19.99
492,Premium Ice Cube Tray 3,Serveware,19.99
493,Insulated Dish Rack,Miscellaneous Housewares,19.99
494,Stainless Steel Spatula 2,Kitchen Tools,15.99
495,Deluxe Skillet,Cookware,39.99
496,Stainless Steel Tea Kettle,Drinkware,9.99
497,Ceramic Coffee Mug 2,Drinkware,9.99
498,Deluxe Sponge Pack 2,Cleaning Tools,19.99
499,Eco Food Scale 5,Miscellaneous Housewares,19.99
500,Compact Plate Set,Dinnerware,14.99
501,Classic Spatula 2,Kitchen Tools,15.99
502,Lightweight Colander,Miscellaneous Housewares,19.99
503,Compact Mop 2,Cleaning Tools,19.99
504,Wooden Ice Cube Tray,Serveware,19.99
505,Deluxe Coffee Mug,Drinkware,9.99
506,Modern Sponge Pack,Cleaning Tools,19.99
507,Deluxe Dustpan 3,Miscellaneous Housewares,19.99
508,Premium Grater 2,Kitchen Tools,15.99
509,Deluxe Bath Mat 2,Bathroom Accessories,19.99
510,Wooden Soap Dispenser,Miscellaneous Housewares,19.99
511,Lightweight Shower Curtain,Bathroom Accessories,19.99
512,Wooden Rolling Pin,Miscellaneous Housewares,19.99
513,Wooden Grater 2,Kitchen Tools,15.99
514,Premium Measuring Cup 2,Miscellaneous Housewares,19.99
515,Deluxe Colander 2,Miscellaneous Housewares,19.99
516,Heavy-Duty Baking Sheet,Cookware,39.99
517,Lightweight Food Scale 4,Miscellaneous Housewares,19.99
518,Eco Can Opener 2,Miscellaneous Housewares,19.99
519,Glass Measuring Cup,Miscellaneous Housewares,19.99
520,Eco Water Bottle,Drinkware,9.99
521,Glass Toilet Brush 2,Bathroom Accessories,19.99
522,Deluxe Paper Towel Holder 2,Miscellaneous Housewares,19.99
523,Wooden Grater 3,Kitchen Tools,15.99
524,Insulated Grater,Kitchen Tools,15.99
525,Eco Mop,Cleaning Tools,19.99
526,Classic Whisk 2,Kitchen Tools,15.99
527,Modern Skillet 2,Cookware,39.99
528,Compact Cutting Board,Miscellaneous Housewares,19.99
529,Wooden Storage Container 3,Food Storage,11.99
530,Modern Towel Set 2,Miscellaneous Housewares,19.99
531,Stainless Steel Coffee Mug 3,Drinkware,9.99
532,Classic Bath Mat 2,Bathroom Accessories,19.99
533,Heavy-Duty Spatula 2,Kitchen Tools,15.99
534,Stainless Steel Shower Curtain 2,Bathroom Accessories,19.99
535,Deluxe Measuring Cup 2,Miscellaneous Housewares,19.99
536,Wooden Shower Curtain 2,Bathroom Accessories,19.99
537,Eco Saucepan 4,Cookware,39.99
538,Classic Plate Set 2,Dinnerware,14.99
539,Glass Can Opener,Miscellaneous Housewares,19.99
540,Eco Colander,Miscellaneous Housewares,19.99
541,Ceramic Drawer Organizer 2,Organizers,19.99
542,Classic Drawer Organizer 2,Organizers,19.99
543,Premium Tea Kettle 3,Drinkware,9.99
544,Compact Plate Set 2,Dinnerware,14.99
545,Stainless Steel Oven Mitt 3,Cookware,39.99
546,Eco Rolling Pin 2,Miscellaneous Housewares,19.99
547,Ceramic Drawer Organizer 3,Organizers,19.99
548,Eco Salt Shaker 6,Miscellaneous Housewares,19.99
549,Glass Storage Container,Food Storage,11.99
550,Premium Shower Curtain 5,Bathroom Accessories,19.99
551,Ceramic Trash Can,Miscellaneous Housewares,19.99
552,Classic Sponge Pack 4,Cleaning Tools,19.99
553,Classic Cutting Board 5,Miscellaneous Housewares,19.99
554,Glass Saucepan 2,Cookware,39.99
555,Glass Food Scale,Miscellaneous Housewares,19.99
556,Compact Bath Mat 3,Bathroom Accessories,19.99
557,Classic Lunch Box,Food Storage,11.99
558,Stainless Steel Water Bottle 2,Drinkware,9.99
559,Premium Laundry Basket 2,Laundry Supplies,19.99
560,Premium Shower Curtain 6,Bathroom Accessories,19.99
561,Compact Spatula 2,Kitchen Tools,15.99
562,Deluxe Sponge Pack 3,Cleaning Tools,19.99
563,Glass Pepper Grinder,Miscellaneous Housewares,19.99
564,Ceramic Serving Tray 3,Serveware,19.99
565,Compact Broom,Cleaning Tools,19.99
566,Lightweight Spatula 3,Kitchen Tools,15.99
567,Glass Food Scale 2,Miscellaneous Housewares,19.99
568,Glass Pepper Grinder 2,Miscellaneous Housewares,19.99
569,Classic Pepper Grinder 2,Miscellaneous Housewares,19.99
570,Stainless Steel Trash Can 3,Miscellaneous Housewares,19.99
571,Stainless Steel Water Bottle 3,Drinkware,9.99
572,Modern Spatula,Kitchen Tools,15.99
573,Stainless Steel Can Opener 2,Miscellaneous Housewares,19.99
574,Wooden Whisk,Kitchen Tools,15.99
575,Lightweight Soap Dispenser 4,Miscellaneous Housewares,19.99
576,Classic Ice Cube Tray,Serveware,19.99
577,Lightweight Spatula 4,Kitchen Tools,15.99
578,Insulated Measuring Cup,Miscellaneous Housewares,19.99
579,Modern Laundry Basket 2,Laundry Supplies,19.99
580,Lightweight Cutting Board 3,Miscellaneous Housewares,19.99
581,Compact Salt Shaker,Miscellaneous Housewares,19.99
582,Eco Plate Set,Dinnerware,14.99
583,Lightweight Grater 3,Kitchen Tools,15.99
584,Compact Shower Curtain 2,Bathroom Accessories,19.99
585,Insulated Dustpan 3,Miscellaneous Housewares,19.99
586,Stainless Steel Tea Kettle 2,Drinkware,9.99
587,Insulated Shower Curtain 2,Bathroom Accessories,19.99
588,Premium Paper Towel Holder,Miscellaneous Housewares,19.99
589,Deluxe Bath Mat 3,Bathroom Accessories,19.99
590,Lightweight Towel Set,Miscellaneous Housewares,19.99
591,Wooden Coffee Mug 4,Drinkware,9.99
592,Heavy-Duty Water Bottle,Drinkware,9.99
593,Insulated Kitchen Knife,Kitchen Tools,15.99
594,Compact Towel Set 2,Miscellaneous Housewares,19.99
595,Modern Skillet 3,Cookware,39.99
596,Ceramic Dustpan 4,Miscellaneous Housewares,19.99
597,Ceramic Mixing Bowl 2,Dinnerware,14.99
598,Glass Drawer Organizer,Organizers,19.99
599,Wooden Laundry Basket,Laundry Supplies,19.99
600,Glass Tea Kettle,Drinkware,9.99
601,Wooden Towel Set 3,Miscellaneous Housewares,19.99
602,Glass Dustpan 3,Miscellaneous Housewares,19.99
603,Heavy-Duty Oven Mitt,Cookware,39.99
604,Deluxe Sponge Pack 4,Cleaning Tools,19.99
605,Compact Mop 3,Cleaning Tools,19.99
606,Ceramic Kitchen Knife 2,Kitchen Tools,15.99
607,Heavy-Duty Paper Towel Holder 2,Miscellaneous Housewares,19.99
608,Wooden Cutting Board 3,Miscellaneous Housewares,19.99
609,Glass Serving Tray,Serveware,19.99
610,Premium Trash Can,Miscellaneous Housewares,19.99
611,Insulated Broom 3,Cleaning Tools,19.99
612,Glass Salt Shaker 2,Miscellaneous Housewares,19.99
613,Stainless Steel Colander 2,Miscellaneous Housewares,19.99
614,Wooden Broom 2,Cleaning Tools,19.99
615,Ceramic Cutting Board 3,Miscellaneous Housewares,19.99
616,Lightweight Water Bottle,Drinkware,9.99
617,Stainless Steel Dustpan 3,Miscellaneous Housewares,19.99
618,Stainless Steel Whisk 2,Kitchen Tools,15.99
619,Compact Serving Tray,Serveware,19.99
620,Compact Measuring Cup 2,Miscellaneous Housewares,19.99
621,Modern Pepper Grinder,Miscellaneous Housewares,19.99
622,Compact Paper Towel Holder 2,Miscellaneous Housewares,19.99
623,Glass Plate Set,Dinnerware,14.99
624,Classic Oven Mitt 2,Cookware,39.99
625,Heavy-Duty Drawer Organizer 2,Organizers,19.99
626,Insulated Salt Shaker 2,Miscellaneous Housewares,19.99
627,Compact Plate Set 3,Dinnerware,14.99
628,Ceramic Baking Sheet,Cookware,39.99
629,Wooden Sponge Pack 3,Cleaning Tools,19.99
630,Heavy-Duty Storage Container,Food Storage,11.99
631,Stainless Steel Rolling Pin 3,Miscellaneous Housewares,19.99
632,Classic Colander,Miscellaneous Housewares,19.99
633,Heavy-Duty Water Bottle 2,Drinkware,9.99
634,Ceramic Skillet 2,Cookware,39.99
635,Eco Skillet,Cookware,39.99
636,Lightweight Spatula 5,Kitchen Tools,15.99
637,Compact Dustpan 3,Miscellaneous Housewares,19.99
638,Insulated Whisk 2,Kitchen Tools,15.99
639,Heavy-Duty Laundry Basket,Laundry Supplies,19.99
640,Classic Food Scale,Miscellaneous Housewares,19.99
641,Modern Skillet 4,Cookware,39.99
642,Lightweight Colander 2,Miscellaneous Housewares,19.99
643,Premium Ice Cube Tray 4,Serveware,19.99
644,Glass Oven Mitt,Cookware,39.99
645,Eco Water Bottle 2,Drinkware,9.99
646,Modern Paper Towel Holder 2,Miscellaneous Housewares,19.99
647,Modern Trash Can 2,Miscellaneous Housewares,19.99
648,Deluxe Mop,Cleaning Tools,19.99
649,Glass Pepper Grinder 3,Miscellaneous Housewares,19.99
650,Deluxe Can Opener 2,Miscellaneous Housewares,19.99
651,Glass Dish Rack 3,Miscellaneous Housewares,19.99
652,Premium Towel Set,Miscellaneous Housewares,19.99
653,Modern Dish Rack 2,Miscellaneous Housewares,19.99
654,Deluxe Sponge Pack 5,Cleaning Tools,19.99
655,Classic Measuring Cup 4,Miscellaneous Housewares,19.99
656,Lightweight Toilet Brush,Bathroom Accessories,19.99
657,Insulated Grater 2,Kitchen Tools,15.99
658,Insulated Ice Cube Tray 3,Serveware,19.99
659,Deluxe Kitchen Knife,Kitchen Tools,15.99
660,Premium Baking Sheet,Cookware,39.99
661,Modern Dish Rack 3,Miscellaneous Housewares,19.99
662,Classic Storage Container 2,Food Storage,11.99
663,Ceramic Can Opener 3,Miscellaneous Housewares,19.99
664,Modern Spatula 2,Kitchen Tools,15.99
665,Stainless Steel Oven Mitt 4,Cookware,39.99
666,Insulated Storage Container 2,Food Storage,11.99
667,Glass Colander 2,Miscellaneous Housewares,19.99
668,Deluxe Serving Tray 2,Serveware,19.99
669,Modern Soap Dispenser,Miscellaneous Housewares,19.99
670,Stainless Steel Dustpan 4,Miscellaneous Housewares,19.99
671,Ceramic Pepper Grinder,Miscellaneous Housewares,19.99
672,Ceramic Towel Set 4,Miscellaneous Housewares,19.99
673,Eco Skillet 2,Cookware,39.99
674,Modern Baking Sheet,Cookware,39.99
675,Ceramic Whisk,Kitchen Tools,15.99
676,Wooden Trash Can,Miscellaneous Housewares,19.99
677,Lightweight Paper Towel Holder 2,Miscellaneous Housewares,19.99
678,Ceramic Water Bottle,Drinkware,9.99
679,Compact Toilet Brush,Bathroom Accessories,19.99
680,Deluxe Drawer Organizer 2,Organizers,19.99
681,Insulated Grater 3,Kitchen Tools,15.99
682,Glass Oven Mitt 2,Cookware,39.99
683,Deluxe Saucepan 2,Cookware,39.99
684,Premium Food Scale 2,Miscellaneous Housewares,19.99
685,Compact Lunch Box 2,Food Storage,11.99
686,Glass Mixing Bowl 3,Dinnerware,14.99
687,Wooden Toilet Brush 3,Bathroom Accessories,19.99
688,Heavy-Duty Drawer Organizer 3,Organizers,19.99
689,Modern Serving Tray 4,Serveware,19.99
690,Deluxe Soap Dispenser 3,Miscellaneous Housewares,19.99
691,Deluxe Measuring Cup 3,Miscellaneous Housewares,19.99
692,Compact Can Opener 2,Miscellaneous Housewares,19.99
693,Modern Kitchen Knife 2,Kitchen Tools,15.99
694,Heavy-Duty Bath Mat 2,Bathroom Accessories,19.99
695,Insulated Broom 4,Cleaning Tools,19.99
696,Eco Toilet Brush 3,Bathroom Accessories,19.99
697,Eco Dustpan,Miscellaneous Housewares,19.99
698,Modern Dustpan,Miscellaneous Housewares,19.99
699,Premium Oven Mitt,Cookware,39.99
700,Deluxe Mixing Bowl 3,Dinnerware,14.99
701,Classic Water Bottle 2,Drinkware,9.99
702,Premium Baking Sheet 2,Cookware,39.99
703,Insulated Towel Set 4,Miscellaneous Housewares,19.99
704,Eco Mop 2,Cleaning Tools,19.99
705,Glass Mixing Bowl 4,Dinnerware,14.99
706,Ceramic Kitchen Knife 3,Kitchen Tools,15.99
707,Ceramic Kitchen Knife 4,Kitchen Tools,15.99
708,Eco Water Bottle 3,Drinkware,9.99
709,Heavy-Duty Towel Set 2,Miscellaneous Housewares,19.99
710,Modern Drawer Organizer 2,Organizers,19.99
711,Compact Trash Can 2,Miscellaneous Housewares,19.99
712,Modern Pepper Grinder 2,Miscellaneous Housewares,19.99
713,Heavy-Duty Cutting Board 2,Miscellaneous Housewares,19.99
714,Classic Mop 2,Cleaning Tools,19.99
715,Deluxe Mixing Bowl 4,Dinnerware,14.99
716,Wooden Pepper Grinder,Miscellaneous Housewares,19.99
717,Premium Water Bottle 2,Drinkware,9.99
718,Ceramic Sponge Pack,Cleaning Tools,19.99
719,Eco Sponge Pack 2,Cleaning Tools,19.99
720,Classic Rolling Pin,Miscellaneous Housewares,19.99
721,Glass Saucepan 3,Cookware,39.99
722,Classic Saucepan,Cookware,39.99
723,Compact Mixing Bowl,Dinnerware,14.99
724,Glass Colander 3,Miscellaneous Housewares,19.99
725,Premium Bath Mat 3,Bathroom Accessories,19.99
726,Premium Whisk 2,Kitchen Tools,15.99
727,Eco Dustpan 2,Miscellaneous Housewares,19.99
728,Modern Skillet 5,Cookware,39.99
729,Deluxe Oven Mitt,Cookware,39.99
730,Classic Salt Shaker 3,Miscellaneous Housewares,19.99
731,Stainless Steel Sponge Pack 3,Cleaning Tools,19.99
732,Insulated Soap Dispenser 2,Miscellaneous Housewares,19.99
733,Lightweight Plate Set 2,Dinnerware,14.99
734,Insulated Water Bottle 2,Drinkware,9.99
735,Stainless Steel Dish Rack 3,Miscellaneous Housewares,19.99
736,Ceramic Storage Container,Food Storage,11.99
737,Premium Measuring Cup 3,Miscellaneous Housewares,19.99
738,Modern Serving Tray 5,Serveware,19.99
739,Deluxe Tea Kettle,Drinkware,9.99
740,Wooden Drawer Organizer 2,Organizers,19.99
741,Compact Serving Tray 2,Serveware,19.99
742,Deluxe Drawer Organizer 3,Organizers,19.99
743,Deluxe Dish Rack 3,Miscellaneous Housewares,19.99
744,Classic Tea Kettle 2,Drinkware,9.99
745,Ceramic Oven Mitt,Cookware,39.99
746,Ceramic Laundry Basket,Laundry Supplies,19.99
747,Insulated Pepper Grinder,Miscellaneous Housewares,19.99
748,Compact Ice Cube Tray,Serveware,19.99
749,Premium Towel Set 2,Miscellaneous Housewares,19.99
750,Wooden Toilet Brush 4,Bathroom Accessories,19.99
751,Ceramic Dustpan 5,Miscellaneous Housewares,19.99
752,Lightweight Rolling Pin,Miscellaneous Housewares,19.99
753,Glass Can Opener 2,Miscellaneous Housewares,19.99
754,Lightweight Storage Container,Food Storage,11.99
755,Classic Saucepan 2,Cookware,39.99
756,Wooden Laundry Basket 2,Laundry Supplies,19.99
757,Heavy-Duty Baking Sheet 2,Cookware,39.99
758,Insulated Saucepan 3,Cookware,39.99
759,Insulated Laundry Basket 3,Laundry Supplies,19.99
760,Insulated Storage Container 3,Food Storage,11.99
761,Premium Colander 2,Miscellaneous Housewares,19.99
762,Classic Grater 2,Kitchen Tools,15.99
763,Premium Mop,Cleaning Tools,19.99
764,Ceramic Water Bottle 2,Drinkware,9.99
765,Compact Paper Towel Holder 3,Miscellaneous Housewares,19.99
766,Deluxe Baking Sheet 3,Cookware,39.99
767,Eco Paper Towel Holder 2,Miscellaneous Housewares,19.99
768,Modern Storage Container,Food Storage,11.99
769,Glass Measuring Cup 2,Miscellaneous Housewares,19.99
770,Heavy-Duty Food Scale 2,Miscellaneous Housewares,19.99
771,Compact Shower Curtain 3,Bathroom Accessories,19.99
772,Wooden Water Bottle,Drinkware,9.99
773,Deluxe Dish Rack 4,Miscellaneous Housewares,19.99
774,Classic Paper Towel Holder 3,Miscellaneous Housewares,19.99
775,Premium Ice Cube Tray 5,Serveware,19.99
776,Modern Lunch Box 2,Food Storage,11.99
777,Compact Skillet 3,Cookware,39.99
778,Insulated Can Opener,Miscellaneous Housewares,19.99
779,Premium Soap Dispenser 2,Miscellaneous Housewares,19.99
780,Compact Trash Can 3,Miscellaneous Housewares,19.99
781,Lightweight Mixing Bowl 2,Dinnerware,14.99
782,Heavy-Duty Can Opener,Miscellaneous Housewares,19.99
783,Heavy-Duty Water Bottle 3,Drinkware,9.99
784,Glass Water Bottle 4,Drinkware,9.99
785,Lightweight Broom 2,Cleaning Tools,19.99
786,Classic Trash Can 3,Miscellaneous Housewares,19.99
787,Deluxe Oven Mitt 2,Cookware,39.99
788,Deluxe Whisk 2,Kitchen Tools,15.99
789,Compact Trash Can 4,Miscellaneous Housewares,19.99
790,Heavy-Duty Oven Mitt 2,Cookware,39.99
791,Lightweight Bath Mat,Bathroom Accessories,19.99
792,Lightweight Shower Curtain 2,Bathroom Accessories,19.99
793,Insulated Spatula,Kitchen Tools,15.99
794,Insulated Laundry Basket 4,Laundry Supplies,19.99
795,Glass Can Opener 3,Miscellaneous Housewares,19.99
796,Modern Dish Rack 4,Miscellaneous Housewares,19.99
797,Compact Dustpan 4,Miscellaneous Housewares,19.99
798,Glass Dish Rack 4,Miscellaneous Housewares,19.99
799,Modern Oven Mitt,Cookware,39.99
800,Wooden Spatula 2,Kitchen Tools,15.99
801,Wooden Serving Tray 4,Serveware,19.99
802,Insulated Dustpan 4,Miscellaneous Housewares,19.99
803,Eco Dustpan 3,Miscellaneous Housewares,19.99
804,Deluxe Soap Dispenser 4,Miscellaneous Housewares,19.99
805,Heavy-Duty Paper Towel Holder 3,Miscellaneous Housewares,19.99
806,Deluxe Cutting Board 2,Miscellaneous Housewares,19.99
807,Modern Plate Set,Dinnerware,14.99
808,Modern Soap Dispenser 2,Miscellaneous Housewares,19.99
809,Deluxe Serving Tray 3,Serveware,19.99
810,Deluxe Kitchen Knife 2,Kitchen Tools,15.99
811,Ceramic Salt Shaker,Miscellaneous Housewares,19.99
812,Eco Mop 3,Cleaning Tools,19.99
813,Modern Serving Tray 6,Serveware,19.99
814,Heavy-Duty Oven Mitt 3,Cookware,39.99
815,Classic Lunch Box 2,Food Storage,11.99
816,Deluxe Toilet Brush,Bathroom Accessories,19.99
817,Classic Toilet Brush,Bathroom Accessories,19.99
818,Premium Water Bottle 3,Drinkware,9.99
819,Lightweight Spatula 6,Kitchen Tools,15.99
820,Deluxe Skillet 2,Cookware,39.99
821,Ceramic Salt Shaker 2,Miscellaneous Housewares,19.99
822,Glass Plate Set 2,Dinnerware,14.99
823,Eco Broom,Cleaning Tools,19.99
824,Classic Laundry Basket 2,Laundry Supplies,19.99
825,Ceramic Sponge Pack 2,Cleaning Tools,19.99
826,Classic Kitchen Knife,Kitchen Tools,15.99
827,Compact Towel Set 3,Miscellaneous Housewares,19.99
828,Deluxe Baking Sheet 4,Cookware,39.99
829,Insulated Water Bottle 3,Drinkware,9.99
830,Compact Lunch Box 3,Food Storage,11.99
831,Premium Towel Set 3,Miscellaneous Housewares,19.99
832,Glass Sponge Pack 4,Cleaning Tools,19.99
833,Compact Can Opener 3,Miscellaneous Housewares,19.99
834,Compact Grater,Kitchen Tools,15.99
835,Deluxe Shower Curtain 2,Bathroom Accessories,19.99
836,Glass Ice Cube Tray,Serveware,19.99
837,Modern Coffee Mug 3,Drinkware,9.99
838,Compact Ice Cube Tray 2,Serveware,19.99
839,Wooden Water Bottle 2,Drinkware,9.99
840,Premium Whisk 3,Kitchen Tools,15.99
841,Heavy-Duty Oven Mitt 4,Cookware,39.99
842,Premium Kitchen Knife 2,Kitchen Tools,15.99
843,Glass Baking Sheet 4,Cookware,39.99
844,Compact Tea Kettle 3,Drinkware,9.99
845,Glass Salt Shaker 3,Miscellaneous Housewares,19.99
846,Eco Salt Shaker 7,Miscellaneous Housewares,19.99
847,Ceramic Colander 2,Miscellaneous Housewares,19.99
848,Heavy-Duty Storage Container 2,Food Storage,11.99
849,Premium Storage Container,Food Storage,11.99
850,Insulated Towel Set 5,Miscellaneous Housewares,19.99
851,Heavy-Duty Cutting Board 3,Miscellaneous Housewares,19.99
852,Compact Mop 4,Cleaning Tools,19.99
853,Glass Saucepan 4,Cookware,39.99
854,Classic Spatula 3,Kitchen Tools,15.99
855,Wooden Water Bottle 3,Drinkware,9.99
856,Eco Measuring Cup 2,Miscellaneous Housewares,19.99
857,Insulated Lunch Box 7,Food Storage,11.99
858,Glass Measuring Cup 3,Miscellaneous Housewares,19.99
859,Eco Storage Container 2,Food Storage,11.99
860,Deluxe Grater 2,Kitchen Tools,15.99
861,Classic Coffee Mug 2,Drinkware,9.99
862,Glass Food Scale 3,Miscellaneous Housewares,19.99
863,Compact Spatula 3,Kitchen Tools,15.99
864,Deluxe Oven Mitt 3,Cookware,39.99
865,Deluxe Storage Container 2,Food Storage,11.99
866,Modern Mixing Bowl 2,Dinnerware,14.99
867,Classic Ice Cube Tray 2,Serveware,19.99
868,Classic Trash Can 4,Miscellaneous Housewares,19.99
869,Ceramic Lunch Box 3,Food Storage,11.99
870,Deluxe Kitchen Knife 3,Kitchen Tools,15.99
871,Insulated Dustpan 5,Miscellaneous Housewares,19.99
872,Deluxe Soap Dispenser 5,Miscellaneous Housewares,19.99
873,Lightweight Salt Shaker 2,Miscellaneous Housewares,19.99
874,Classic Grater 3,Kitchen Tools,15.99
875,Premium Saucepan 2,Cookware,39.99
876,Eco Water Bottle 4,Drinkware,9.99
877,Premium Dustpan 4,Miscellaneous Housewares,19.99
878,Heavy-Duty Mop,Cleaning Tools,19.99
879,Compact Pepper Grinder 2,Miscellaneous Housewares,19.99
880,Stainless Steel Spatula 3,Kitchen Tools,15.99
881,Modern Shower Curtain,Bathroom Accessories,19.99
882,Stainless Steel Broom 2,Cleaning Tools,19.99
883,Glass Drawer Organizer 2,Organizers,19.99
884,Stainless Steel Laundry Basket,Laundry Supplies,19.99
885,Glass Coffee Mug 3,Drinkware,9.99
886,Wooden Kitchen Knife 2,Kitchen Tools,15.99
887,Ceramic Cutting Board 4,Miscellaneous Housewares,19.99
888,Lightweight Drawer Organizer,Organizers,19.99
889,Wooden Colander 2,Miscellaneous Housewares,19.99
890,Glass Oven Mitt 3,Cookware,39.99
891,Premium Lunch Box 5,Food Storage,11.99
892,Premium Mixing Bowl 2,Dinnerware,14.99
893,Premium Shower Curtain 7,Bathroom Accessories,19.99
894,Modern Can Opener,Miscellaneous Housewares,19.99
895,Compact Laundry Basket 2,Laundry Supplies,19.99
896,Heavy-Duty Baking Sheet 3,Cookware,39.99
897,Modern Mixing Bowl 3,Dinnerware,14.99
898,Compact Kitchen Knife,Kitchen Tools,15.99
899,Compact Food Scale,Miscellaneous Housewares,19.99
900,Ceramic Measuring Cup,Miscellaneous Housewares,19.99
901,Insulated Laundry Basket 5,Laundry Supplies,19.99
902,Classic Pepper Grinder 3,Miscellaneous Housewares,19.99
903,Insulated Bath Mat 4,Bathroom Accessories,19.99
904,Insulated Ice Cube Tray 4,Serveware,19.99
905,Insulated Dustpan 6,Miscellaneous Housewares,19.99
906,Modern Trash Can 3,Miscellaneous Housewares,19.99
907,Compact Coffee Mug 2,Drinkware,9.99
908,Lightweight Bath Mat 2,Bathroom Accessories,19.99
909,Classic Coffee Mug 3,Drinkware,9.99
910,Heavy-Duty Mixing Bowl,Dinnerware,14.99
911,Eco Measuring Cup 3,Miscellaneous Housewares,19.99
912,Eco Drawer Organizer 3,Organizers,19.99
913,Compact Colander,Miscellaneous Housewares,19.99
914,Premium Mop 2,Cleaning Tools,19.99
915,Glass Laundry Basket,Laundry Supplies,19.99
916,Insulated Food Scale 2,Miscellaneous Housewares,19.99
917,Deluxe Broom 2,Cleaning Tools,19.99
918,Ceramic Dustpan 6,Miscellaneous Housewares,19.99
919,Deluxe Tea Kettle 2,Drinkware,9.99
920,Modern Laundry Basket 3,Laundry Supplies,19.99
921,Premium Bath Mat 4,Bathroom Accessories,19.99
922,Deluxe Toilet Brush 2,Bathroom Accessories,19.99
923,Ceramic Broom,Cleaning Tools,19.99
924,Glass Food Scale 4,Miscellaneous Housewares,19.99
925,Lightweight Mop,Cleaning Tools,19.99
926,Wooden Mop 2,Cleaning Tools,19.99
927,Lightweight Baking Sheet 4,Cookware,39.99
928,Stainless Steel Oven Mitt 5,Cookware,39.99
929,Ceramic Rolling Pin,Miscellaneous Housewares,19.99
930,Eco Coffee Mug 4,Drinkware,9.99
931,Classic Ice Cube Tray 3,Serveware,19.99
932,Ceramic Plate Set,Dinnerware,14.99
933,Compact Sponge Pack,Cleaning Tools,19.99
934,Deluxe Ice Cube Tray,Serveware,19.99
935,Ceramic Ice Cube Tray 3,Serveware,19.99
936,Heavy-Duty Salt Shaker,Miscellaneous Housewares,19.99
937,Wooden Dustpan 2,Miscellaneous Housewares,19.99
938,Modern Measuring Cup 2,Miscellaneous Housewares,19.99
939,Heavy-Duty Paper Towel Holder 4,Miscellaneous Housewares,19.99
940,Ceramic Whisk 2,Kitchen Tools,15.99
941,Classic Trash Can 5,Miscellaneous Housewares,19.99
942,Compact Oven Mitt 2,Cookware,39.99
943,Classic Sponge Pack 5,Cleaning Tools,19.99
944,Wooden Sponge Pack 4,Cleaning Tools,19.99
945,Classic Shower Curtain 2,Bathroom Accessories,19.99
946,Stainless Steel Trash Can 4,Miscellaneous Housewares,19.99
947,Lightweight Bath Mat 3,Bathroom Accessories,19.99
948,Eco Towel Set,Miscellaneous Housewares,19.99
949,Deluxe Saucepan 3,Cookware,39.99
950,Heavy-Duty Paper Towel Holder 5,Miscellaneous Housewares,19.99
951,Compact Saucepan 2,Cookware,39.99
952,Lightweight Shower Curtain 3,Bathroom Accessories,19.99
953,Premium Bath Mat 5,Bathroom Accessories,19.99
954,Ceramic Spatula 5,Kitchen Tools,15.99
955,Eco Oven Mitt 2,Cookware,39.99
956,Compact Laundry Basket 3,Laundry Supplies,19.99
957,Modern Baking Sheet 2,Cookware,39.99
958,Premium Storage Container 2,Food Storage,11.99
959,Wooden Shower Curtain 3,Bathroom Accessories,19.99
960,Stainless Steel Pepper Grinder 4,Miscellaneous Housewares,19.99
961,Deluxe Coffee Mug 2,Drinkware,9.99
962,Heavy-Duty Dish Rack 2,Miscellaneous Housewares,19.99
963,Premium Plate Set 3,Dinnerware,14.99
964,Stainless Steel Plate Set 2,Dinnerware,14.99
965,Deluxe Tea Kettle 3,Drinkware,9.99
966,Premium Shower Curtain 8,Bathroom Accessories,19.99
967,Glass Measuring Cup 4,Miscellaneous Housewares,19.99
968,Ceramic Serving Tray 4,Serveware,19.99
969,Wooden Shower Curtain 4,Bathroom Accessories,19.99
970,Stainless Steel Pepper Grinder 5,Miscellaneous Housewares,19.99
971,Glass Broom 2,Cleaning Tools,19.99
972,Wooden Dustpan 3,Miscellaneous Housewares,19.99
973,Ceramic Drawer Organizer 4,Organizers,19.99
974,Compact Pepper Grinder 3,Miscellaneous Housewares,19.99
975,Classic Toilet Brush 2,Bathroom Accessories,19.99
976,Lightweight Shower Curtain 4,Bathroom Accessories,19.99
977,Ceramic Dustpan 7,Miscellaneous Housewares,19.99
978,Lightweight Laundry Basket,Laundry Supplies,19.99
979,Glass Colander 4,Miscellaneous Housewares,19.99
980,Ceramic Lunch Box 4,Food Storage,11.99
981,Heavy-Duty Lunch Box 2,Food Storage,11.99
982,Insulated Serving Tray 2,Serveware,19.99
983,Glass Plate Set 3,Dinnerware,14.99
984,Wooden Rolling Pin 2,Miscellaneous Housewares,19.99
985,Classic Laundry Basket 3,Laundry Supplies,19.99
986,Modern Soap Dispenser 3,Miscellaneous Housewares,19.99
987,Glass Drawer Organizer 3,Organizers,19.99
988,Eco Sponge Pack 3,Cleaning Tools,19.99
989,Eco Drawer Organizer 4,Organizers,19.99
990,Deluxe Mixing Bowl 5,Dinnerware,14.99
991,Heavy-Duty Baking Sheet 4,Cookware,39.99
992,Modern Serving Tray 7,Serveware,19.99
993,Compact Drawer Organizer 2,Organizers,19.99
994,Glass Rolling Pin 2,Miscellaneous Housewares,19.99
995,Premium Dish Rack 4,Miscellaneous Housewares,19.99
996,Classic Whisk 3,Kitchen Tools,15.99
997,Modern Water Bottle 3,Drinkware,9.99
998,Compact Drawer Organizer 3,Organizers,19.99
999,Premium Dustpan 5,Miscellaneous Housewares,19.99
1000,Deluxe Grater 3,Kitchen Tools,15.99
1001,Stainless Steel Skillet 2,Cookware,39.99
1002,Insulated Pepper Grinder 2,Miscellaneous Housewares,19.99
1003,Glass Plate Set 4,Dinnerware,14.99
1004,Classic Can Opener 2,Miscellaneous Housewares,19.99
1005,Heavy-Duty Grater,Kitchen Tools,15.99
1006,Ceramic Tea Kettle 2,Drinkware,9.99
1007,Wooden Water Bottle 4,Drinkware,9.99
1008,Insulated Dustpan 7,Miscellaneous Housewares,19.99
1009,Wooden Water Bottle 5,Drinkware,9.99
1010,Stainless Steel Dish Rack 4,Miscellaneous Housewares,19.99
1011,Modern Colander 3,Miscellaneous Housewares,19.99
1012,Stainless Steel Ice Cube Tray,Serveware,19.99
1013,Classic Toilet Brush 3,Bathroom Accessories,19.99
1014,Ceramic Pepper Grinder 2,Miscellaneous Housewares,19.99
1015,Modern Salt Shaker 2,Miscellaneous Housewares,19.99
1016,Heavy-Duty Rolling Pin,Miscellaneous Housewares,19.99
1017,Classic Coffee Mug 4,Drinkware,9.99
1018,Deluxe Sponge Pack 6,Cleaning Tools,19.99
1019,Glass Skillet,Cookware,39.99
1020,Heavy-Duty Laundry Basket 2,Laundry Supplies,19.99
1021,Wooden Water Bottle 6,Drinkware,9.99
1022,Ceramic Skillet 3,Cookware,39.99
1023,Deluxe Plate Set,Dinnerware,14.99
1024,Glass Can Opener 4,Miscellaneous Housewares,19.99
1025,Eco Trash Can 3,Miscellaneous Housewares,19.99
1026,Premium Skillet,Cookware,39.99
1027,Glass Kitchen Knife,Kitchen Tools,15.99
1028,Classic Bath Mat 3,Bathroom Accessories,19.99
1029,Wooden Ice Cube Tray 2,Serveware,19.99
1030,Wooden Drawer Organizer 3,Organizers,19.99
1031,Heavy-Duty Salt Shaker 2,Miscellaneous Housewares,19.99
1032,Glass Baking Sheet 5,Cookware,39.99
1033,Classic Saucepan 3,Cookware,39.99
1034,Glass Kitchen Knife 2,Kitchen Tools,15.99
1035,Ceramic Water Bottle 3,Drinkware,9.99
1036,Classic Water Bottle 3,Drinkware,9.99
1037,Compact Soap Dispenser 2,Miscellaneous Housewares,19.99
1038,Stainless Steel Coffee Mug 4,Drinkware,9.99
1039,Classic Broom 2,Cleaning Tools,19.99
1040,Classic Ice Cube Tray 4,Serveware,19.99
1041,Heavy-Duty Tea Kettle 3,Drinkware,9.99
1042,Deluxe Broom 3,Cleaning Tools,19.99
1043,Lightweight Saucepan,Cookware,39.99
1044,Compact Oven Mitt 3,Cookware,39.99
1045,Glass Skillet 2,Cookware,39.99
1046,Ceramic Paper Towel Holder,Miscellaneous Housewares,19.99
1047,Insulated Mixing Bowl 4,Dinnerware,14.99
1048,Classic Can Opener 3,Miscellaneous Housewares,19.99
1049,Ceramic Toilet Brush 3,Bathroom Accessories,19.99
1050,Premium Tea Kettle 4,Drinkware,9.99
1051,Eco Water Bottle 5,Drinkware,9.99
1052,Insulated Laundry Basket 6,Laundry Supplies,19.99
1053,Lightweight Drawer Organizer 2,Organizers,19.99
1054,Heavy-Duty Coffee Mug,Drinkware,9.99
1055,Deluxe Storage Container 3,Food Storage,11.99
1056,Compact Rolling Pin 2,Miscellaneous Housewares,19.99
1057,Premium Salt Shaker 2,Miscellaneous Housewares,19.99
1058,Premium Salt Shaker 3,Miscellaneous Housewares,19.99
1059,Glass Lunch Box,Food Storage,11.99
1060,Premium Bath Mat 6,Bathroom Accessories,19.99
1061,Glass Kitchen Knife 3,Kitchen Tools,15.99
1062,Lightweight Whisk 2,Kitchen Tools,15.99
1063,Heavy-Duty Bath Mat 3,Bathroom Accessories,19.99
1064,Ceramic Serving Tray 5,Serveware,19.99
1065,Classic Oven Mitt 3,Cookware,39.99
1066,Heavy-Duty Grater 2,Kitchen Tools,15.99
1067,Classic Kitchen Knife 2,Kitchen Tools,15.99
1068,Stainless Steel Colander 3,Miscellaneous Housewares,19.99
1069,Insulated Plate Set 2,Dinnerware,14.99
1070,Deluxe Dustpan 4,Miscellaneous Housewares,19.99
1071,Stainless Steel Spatula 4,Kitchen Tools,15.99
1072,Eco Measuring Cup 4,Miscellaneous Housewares,19.99
1073,Ceramic Skillet 4,Cookware,39.99
1074,Lightweight Toilet Brush 2,Bathroom Accessories,19.99
1075,Heavy-Duty Dustpan,Miscellaneous Housewares,19.99
1076,Ceramic Food Scale 2,Miscellaneous Housewares,19.99
1077,Glass Coffee Mug 4,Drinkware,9.99
1078,Premium Dish Rack 5,Miscellaneous Housewares,19.99
1079,Lightweight Skillet,Cookware,39.99
1080,Deluxe Whisk 3,Kitchen Tools,15.99
1081,Glass Paper Towel Holder 2,Miscellaneous Housewares,19.99
1082,Premium Baking Sheet 3,Cookware,39.99
1083,Compact Towel Set 4,Miscellaneous Housewares,19.99
1084,Ceramic Oven Mitt 2,Cookware,39.99
1085,Glass Shower Curtain,Bathroom Accessories,19.99
1086,Compact Tea Kettle 4,Drinkware,9.99
1087,Heavy-Duty Colander 3,Miscellaneous Housewares,19.99
1088,Glass Pepper Grinder 4,Miscellaneous Housewares,19.99
1089,Classic Lunch Box 3,Food Storage,11.99
1090,Wooden Paper Towel Holder 2,Miscellaneous Housewares,19.99
1091,Glass Mixing Bowl 5,Dinnerware,14.99
1092,Insulated Tea Kettle 2,Drinkware,9.99
1093,Premium Toilet Brush,Bathroom Accessories,19.99
1094,Modern Kitchen Knife 3,Kitchen Tools,15.99
1095,Modern Bath Mat,Bathroom Accessories,19.99
1096,Deluxe Laundry Basket 2,Laundry Supplies,19.99
1097,Deluxe Oven Mitt 4,Cookware,39.99
1098,Ceramic Grater,Kitchen Tools,15.99
1099,Lightweight Serving Tray,Serveware,19.99
1100,Stainless Steel Storage Container,Food Storage,11.99
1101,Modern Storage Container 2,Food Storage,11.99
1102,Eco Cutting Board 3,Miscellaneous Housewares,19.99
1103,Classic Saucepan 4,Cookware,39.99
1104,Wooden Whisk 2,Kitchen Tools,15.99
1105,Wooden Sponge Pack 5,Cleaning Tools,19.99
1106,Ceramic Trash Can 2,Miscellaneous Housewares,19.99
1107,Heavy-Duty Broom,Cleaning Tools,19.99
1108,Deluxe Skillet 3,Cookware,39.99
1109,Wooden Shower Curtain 5,Bathroom Accessories,19.99
1110,Insulated Measuring Cup 2,Miscellaneous Housewares,19.99
1111,Classic Kitchen Knife 3,Kitchen Tools,15.99
1112,Premium Baking Sheet 4,Cookware,39.99
1113,Heavy-Duty Laundry Basket 3,Laundry Supplies,19.99
1114,Glass Salt Shaker 4,Miscellaneous Housewares,19.99
1115,Glass Measuring Cup 5,Miscellaneous Housewares,19.99
1116,Classic Kitchen Knife 4,Kitchen Tools,15.99
1117,Eco Oven Mitt 3,Cookware,39.99
1118,Insulated Cutting Board 2,Miscellaneous Housewares,19.99
1119,Modern Mixing Bowl 4,Dinnerware,14.99
1120,Deluxe Coffee Mug 3,Drinkware,9.99
1121,Compact Measuring Cup 3,Miscellaneous Housewares,19.99
1122,Lightweight Colander 3,Miscellaneous Housewares,19.99
1123,Classic Serving Tray 3,Serveware,19.99
1124,Premium Baking Sheet 5,Cookware,39.99
1125,Lightweight Paper Towel Holder 3,Miscellaneous Housewares,19.99
1126,Insulated Dustpan 8,Miscellaneous Housewares,19.99
1127,Compact Towel Set 5,Miscellaneous Housewares,19.99
1128,Insulated Towel Set 6,Miscellaneous Housewares,19.99
1129,Stainless Steel Dish Rack 5,Miscellaneous Housewares,19.99
1130,Modern Sponge Pack 2,Cleaning Tools,19.99
1131,Ceramic Can Opener 4,Miscellaneous Housewares,19.99
1132,Deluxe Salt Shaker 3,Miscellaneous Housewares,19.99
1133,Compact Soap Dispenser 3,Miscellaneous Housewares,19.99
1134,Modern Paper Towel Holder 3,Miscellaneous Housewares,19.99
1135,Classic Broom 3,Cleaning Tools,19.99
1136,Glass Toilet Brush 3,Bathroom Accessories,19.99
1137,Heavy-Duty Bath Mat 4,Bathroom Accessories,19.99
1138,Classic Spatula 4,Kitchen Tools,15.99
1139,Compact Skillet 4,Cookware,39.99
1140,Ceramic Salt Shaker 3,Miscellaneous Housewares,19.99
1141,Eco Paper Towel Holder 3,Miscellaneous Housewares,19.99
1142,Insulated Food Scale 3,Miscellaneous Housewares,19.99
1143,Deluxe Colander 3,Miscellaneous Housewares,19.99
1144,Modern Dish Rack 5,Miscellaneous Housewares,19.99
1145,Stainless Steel Shower Curtain 3,Bathroom Accessories,19.99
1146,Stainless Steel Pepper Grinder 6,Miscellaneous Housewares,19.99
1147,Deluxe Can Opener 3,Miscellaneous Housewares,19.99
1148,Classic Rolling Pin 2,Miscellaneous Housewares,19.99
1149,Stainless Steel Oven Mitt 6,Cookware,39.99
1150,Deluxe Pepper Grinder 2,Miscellaneous Housewares,19.99
1151,Wooden Skillet 3,Cookware,39.99
1152,Modern Drawer Organizer 3,Organizers,19.99
1153,Ceramic Mixing Bowl 3,Dinnerware,14.99
1154,Ceramic Ice Cube Tray 4,Serveware,19.99
1155,Lightweight Laundry Basket 2,Laundry Supplies,19.99
1156,Wooden Broom 3,Cleaning Tools,19.99
1157,Glass Grater 3,Kitchen Tools,15.99
1158,Eco Food Scale 6,Miscellaneous Housewares,19.99
1159,Lightweight Spatula 7,Kitchen Tools,15.99
1160,Insulated Dish Rack 2,Miscellaneous Housewares,19.99
1161,Ceramic Laundry Basket 2,Laundry Supplies,19.99
1162,Modern Soap Dispenser 4,Miscellaneous Housewares,19.99
1163,Eco Broom 2,Cleaning Tools,19.99
1164,Lightweight Grater 4,Kitchen Tools,15.99
1165,Deluxe Cutting Board 3,Miscellaneous Housewares,19.99
1166,Wooden Cutting Board 4,Miscellaneous Housewares,19.99
1167,Compact Whisk,Kitchen Tools,15.99
1168,Eco Oven Mitt 4,Cookware,39.99
1169,Deluxe Salt Shaker 4,Miscellaneous Housewares,19.99
1170,Premium Ice Cube Tray 6,Serveware,19.99
1171,Glass Food Scale 5,Miscellaneous Housewares,19.99
1172,Heavy-Duty Shower Curtain 2,Bathroom Accessories,19.99
1173,Ceramic Salt Shaker 4,Miscellaneous Housewares,19.99
1174,Deluxe Coffee Mug 4,Drinkware,9.99
1175,Insulated Towel Set 7,Miscellaneous Housewares,19.99
1176,Modern Shower Curtain 2,Bathroom Accessories,19.99
1177,Ceramic Shower Curtain 3,Bathroom Accessories,19.99
1178,Insulated Mop 2,Cleaning Tools,19.99
1179,Stainless Steel Soap Dispenser,Miscellaneous Housewares,19.99
1180,Stainless Steel Storage Container 2,Food Storage,11.99
1181,Lightweight Towel Set 2,Miscellaneous Housewares,19.99
1182,Compact Pepper Grinder 4,Miscellaneous Housewares,19.99
1183,Classic Ice Cube Tray 5,Serveware,19.99
1184,Premium Serving Tray,Serveware,19.99
1185,Wooden Bath Mat 2,Bathroom Accessories,19.99
1186,Stainless Steel Mixing Bowl,Dinnerware,14.99
1187,Premium Coffee Mug 3,Drinkware,9.99
1188,Modern Mop 4,Cleaning Tools,19.99
1189,Ceramic Measuring Cup 2,Miscellaneous Housewares,19.99
1190,Compact Plate Set 4,Dinnerware,14.99
1191,Compact Broom 2,Cleaning Tools,19.99
1192,Stainless Steel Skillet 3,Cookware,39.99
1193,Compact Food Scale 2,Miscellaneous Housewares,19.99
1194,Lightweight Rolling Pin 2,Miscellaneous Housewares,19.99
1195,Premium Laundry Basket 3,Laundry Supplies,19.99
1196,Stainless Steel Spatula 5,Kitchen Tools,15.99
1197,Deluxe Water Bottle,Drinkware,9.99
1198,Compact Plate Set 5,Dinnerware,14.99
1199,Wooden Cutting Board 5,Miscellaneous Housewares,19.99
1200,Classic Storage Container 3,Food Storage,11.99
1201,Wooden Measuring Cup,Miscellaneous Housewares,19.99
1202,Premium Dish Rack 6,Miscellaneous Housewares,19.99
1203,Modern Rolling Pin 2,Miscellaneous Housewares,19.99
1204,Ceramic Toilet Brush 4,Bathroom Accessories,19.99
1205,Wooden Water Bottle 7,Drinkware,9.99
1206,Ceramic Colander 3,Miscellaneous Housewares,19.99
1207,Modern Sponge Pack 3,Cleaning Tools,19.99
1208,Premium Grater 3,Kitchen Tools,15.99
1209,Eco Mixing Bowl 2,Dinnerware,14.99
1210,Modern Saucepan,Cookware,39.99
1211,Classic Tea Kettle 3,Drinkware,9.99
1212,Premium Grater 4,Kitchen Tools,15.99
1213,Modern Bath Mat 2,Bathroom Accessories,19.99
1214,Deluxe Pepper Grinder 3,Miscellaneous Housewares,19.99
1215,Wooden Baking Sheet 2,Cookware,39.99
1216,Ceramic Baking Sheet 2,Cookware,39.99
1217,Classic Storage Container 4,Food Storage,11.99
1218,Modern Serving Tray 8,Serveware,19.99
1219,Glass Serving Tray 2,Serveware,19.99
1220,Premium Dustpan 6,Miscellaneous Housewares,19.99
1221,Classic Skillet 2,Cookware,39.99
1222,Compact Mixing Bowl 2,Dinnerware,14.99
1223,Heavy-Duty Mop 2,Cleaning Tools,19.99
1224,Ceramic Salt Shaker 5,Miscellaneous Housewares,19.99
1225,Compact Towel Set 6,Miscellaneous Housewares,19.99
1226,Lightweight Spatula 8,Kitchen Tools,15.99
1227,Lightweight Mixing Bowl 3,Dinnerware,14.99
1228,Eco Ice Cube Tray,Serveware,19.99
1229,Deluxe Coffee Mug 5,Drinkware,9.99
1230,Insulated Skillet 3,Cookware,39.99
1231,Glass Sponge Pack 5,Cleaning Tools,19.99
1232,Premium Oven Mitt 2,Cookware,39.99
1233,Lightweight Salt Shaker 3,Miscellaneous Housewares,19.99
1234,Heavy-Duty Oven Mitt 5,Cookware,39.99
1235,Lightweight Mixing Bowl 4,Dinnerware,14.99
1236,Compact Soap Dispenser 4,Miscellaneous Housewares,19.99
1237,Ceramic Colander 4,Miscellaneous Housewares,19.99
1238,Eco Baking Sheet 3,Cookware,39.99
1239,Lightweight Drawer Organizer 3,Organizers,19.99
1240,Ceramic Toilet Brush 5,Bathroom Accessories,19.99
1241,Deluxe Trash Can 2,Miscellaneous Housewares,19.99
1242,Wooden Spatula 3,Kitchen Tools,15.99
1243,Eco Bath Mat 2,Bathroom Accessories,19.99
1244,Ceramic Shower Curtain 4,Bathroom Accessories,19.99
1245,Wooden Shower Curtain 6,Bathroom Accessories,19.99
1246,Heavy-Duty Food Scale 3,Miscellaneous Housewares,19.99
1247,Modern Trash Can 4,Miscellaneous Housewares,19.99
1248,Lightweight Laundry Basket 3,Laundry Supplies,19.99
1249,Stainless Steel Broom 3,Cleaning Tools,19.99
1250,Eco Bath Mat 3,Bathroom Accessories,19.99
1251,Wooden Lunch Box 2,Food Storage,11.99
1252,Stainless Steel Spatula 6,Kitchen Tools,15.99
1253,Wooden Sponge Pack 6,Cleaning Tools,19.99
1254,Ceramic Mixing Bowl 4,Dinnerware,14.99
1255,Modern Plate Set 2,Dinnerware,14.99
1256,Wooden Skillet 4,Cookware,39.99
1257,Eco Storage Container 3,Food Storage,11.99
1258,Heavy-Duty Drawer Organizer 4,Organizers,19.99
1259,Wooden Spatula 4,Kitchen Tools,15.99
1260,Modern Oven Mitt 2,Cookware,39.99
1261,Lightweight Water Bottle 2,Drinkware,9.99
1262,Ceramic Bath Mat,Bathroom Accessories,19.99
1263,Wooden Bath Mat 3,Bathroom Accessories,19.99
1264,Insulated Can Opener 2,Miscellaneous Housewares,19.99
1265,Classic Storage Container 5,Food Storage,11.99
1266,Insulated Toilet Brush 2,Bathroom Accessories,19.99
1267,Ceramic Salt Shaker 6,Miscellaneous Housewares,19.99
1268,Classic Shower Curtain 3,Bathroom Accessories,19.99
1269,Lightweight Baking Sheet 5,Cookware,39.99
1270,Wooden Skillet 5,Cookware,39.99
1271,Glass Bath Mat,Bathroom Accessories,19.99
1272,Eco Broom 3,Cleaning Tools,19.99
1273,Eco Soap Dispenser 5,Miscellaneous Housewares,19.99
1274,Ceramic Salt Shaker 7,Miscellaneous Housewares,19.99
1275,Wooden Soap Dispenser 2,Miscellaneous Housewares,19.99
1276,Wooden Toilet Brush 5,Bathroom Accessories,19.99
1277,Classic Coffee Mug 5,Drinkware,9.99
1278,Eco Saucepan 5,Cookware,39.99
1279,Eco Colander 2,Miscellaneous Housewares,19.99
1280,Ceramic Skillet 5,Cookware,39.99
1281,Insulated Measuring Cup 3,Miscellaneous Housewares,19.99
1282,Eco Tea Kettle 3,Drinkware,9.99
1283,Glass Serving Tray 3,Serveware,19.99
1284,Heavy-Duty Coffee Mug 2,Drinkware,9.99
1285,Classic Salt Shaker 4,Miscellaneous Housewares,19.99
1286,Insulated Broom 5,Cleaning Tools,19.99
1287,Glass Trash Can,Miscellaneous Housewares,19.99
1288,Glass Food Scale 6,Miscellaneous Housewares,19.99
1289,Wooden Serving Tray 5,Serveware,19.99
1290,Premium Mixing Bowl 3,Dinnerware,14.99
1291,Deluxe Serving Tray 4,Serveware,19.99
1292,Modern Coffee Mug 4,Drinkware,9.99
1293,Modern Drawer Organizer 4,Organizers,19.99
1294,Modern Skillet 6,Cookware,39.99
1295,Eco Water Bottle 6,Drinkware,9.99
1296,Glass Saucepan 5,Cookware,39.99
1297,Eco Trash Can 4,Miscellaneous Housewares,19.99
1298,Heavy-Duty Lunch Box 3,Food Storage,11.99
1299,Premium Baking Sheet 6,Cookware,39.99
1300,Glass Sponge Pack 6,Cleaning Tools,19.99
1301,Stainless Steel Sponge Pack 4,Cleaning Tools,19.99
1302,Compact Saucepan 3,Cookware,39.99
1303,Glass Cutting Board 3,Miscellaneous Housewares,19.99
1304,Premium Baking Sheet 7,Cookware,39.99
1305,Premium Trash Can 2,Miscellaneous Housewares,19.99
1306,Modern Can Opener 2,Miscellaneous Housewares,19.99
1307,Heavy-Duty Lunch Box 4,Food Storage,11.99
1308,Heavy-Duty Coffee Mug 3,Drinkware,9.99
1309,Classic Plate Set 3,Dinnerware,14.99
1310,Premium Broom,Cleaning Tools,19.99
1311,Premium Lunch Box 6,Food Storage,11.99
1312,Premium Laundry Basket 4,Laundry Supplies,19.99
1313,Classic Water Bottle 4,Drinkware,9.99
1314,Eco Whisk 3,Kitchen Tools,15.99
1315,Classic Spatula 5,Kitchen Tools,15.99
1316,Lightweight Plate Set 3,Dinnerware,14.99
1317,Wooden Broom 4,Cleaning Tools,19.99
1318,Classic Salt Shaker 5,Miscellaneous Housewares,19.99
1319,Eco Spatula 2,Kitchen Tools,15.99
1320,Compact Baking Sheet,Cookware,39.99
1321,Ceramic Paper Towel Holder 2,Miscellaneous Housewares,19.99
1322,Lightweight Sponge Pack 3,Cleaning Tools,19.99
1323,Deluxe Dustpan 5,Miscellaneous Housewares,19.99
1324,Premium Dustpan 7,Miscellaneous Housewares,19.99
1325,Compact Bath Mat 4,Bathroom Accessories,19.99
1326,Insulated Measuring Cup 4,Miscellaneous Housewares,19.99
1327,Deluxe Tea Kettle 4,Drinkware,9.99
1328,Eco Dish Rack 2,Miscellaneous Housewares,19.99
1329,Wooden Mop 3,Cleaning Tools,19.99
1330,Deluxe Whisk 4,Kitchen Tools,15.99
1331,Deluxe Ice Cube Tray 2,Serveware,19.99
1332,Insulated Soap Dispenser 3,Miscellaneous Housewares,19.99
1333,Premium Colander 3,Miscellaneous Housewares,19.99
1334,Glass Kitchen Knife 4,Kitchen Tools,15.99
1335,Eco Mop 4,Cleaning Tools,19.99
1336,Premium Baking Sheet 8,Cookware,39.99
1337,Heavy-Duty Salt Shaker 3,Miscellaneous Housewares,19.99
1338,Lightweight Spatula 9,Kitchen Tools,15.99
1339,Stainless Steel Towel Set,Miscellaneous Housewares,19.99
1340,Compact Serving Tray 3,Serveware,19.99
1341,Insulated Can Opener 3,Miscellaneous Housewares,19.99
1342,Wooden Dustpan 4,Miscellaneous Housewares,19.99
1343,Eco Plate Set 2,Dinnerware,14.99
1344,Deluxe Shower Curtain 3,Bathroom Accessories,19.99
1345,Deluxe Paper Towel Holder 3,Miscellaneous Housewares,19.99
1346,Glass Kitchen Knife 5,Kitchen Tools,15.99
1347,Classic Grater 4,Kitchen Tools,15.99
1348,Modern Bath Mat 3,Bathroom Accessories,19.99
1349,Compact Pepper Grinder 5,Miscellaneous Housewares,19.99
1350,Premium Spatula 2,Kitchen Tools,15.99
1351,Compact Mixing Bowl 3,Dinnerware,14.99
1352,Ceramic Soap Dispenser,Miscellaneous Housewares,19.99
1353,Lightweight Dish Rack 3,Miscellaneous Housewares,19.99
1354,Deluxe Can Opener 4,Miscellaneous Housewares,19.99
1355,Classic Spatula 6,Kitchen Tools,15.99
1356,Wooden Can Opener 2,Miscellaneous Housewares,19.99
1357,Premium Shower Curtain 9,Bathroom Accessories,19.99
1358,Compact Plate Set 6,Dinnerware,14.99
1359,Classic Whisk 4,Kitchen Tools,15.99
1360,Stainless Steel Sponge Pack 5,Cleaning Tools,19.99
1361,Deluxe Spatula,Kitchen Tools,15.99
1362,Modern Serving Tray 9,Serveware,19.99
1363,Ceramic Cutting Board 5,Miscellaneous Housewares,19.99
1364,Heavy-Duty Soap Dispenser,Miscellaneous Housewares,19.99
1365,Ceramic Cutting Board 6,Miscellaneous Housewares,19.99
1366,Eco Laundry Basket,Laundry Supplies,19.99
1367,Eco Grater,Kitchen Tools,15.99
1368,Classic Spatula 7,Kitchen Tools,15.99
1369,Glass Baking Sheet 6,Cookware,39.99
1370,Deluxe Storage Container 4,Food Storage,11.99
1371,Compact Bath Mat 5,Bathroom Accessories,19.99
1372,Deluxe Broom 4,Cleaning Tools,19.99
1373,Wooden Paper Towel Holder 3,Miscellaneous Housewares,19.99
1374,Insulated Kitchen Knife 2,Kitchen Tools,15.99
1375,Lightweight Dustpan,Miscellaneous Housewares,19.99
1376,Eco Salt Shaker 8,Miscellaneous Housewares,19.99
1377,Compact Pepper Grinder 6,Miscellaneous Housewares,19.99
1378,Deluxe Cutting Board 4,Miscellaneous Housewares,19.99
1379,Ceramic Can Opener 5,Miscellaneous Housewares,19.99
1380,Lightweight Mop 2,Cleaning Tools,19.99
1381,Wooden Toilet Brush 6,Bathroom Accessories,19.99
1382,Stainless Steel Trash Can 5,Miscellaneous Housewares,19.99
1383,Wooden Dustpan 5,Miscellaneous Housewares,19.99
1384,Compact Dustpan 5,Miscellaneous Housewares,19.99
1385,Compact Paper Towel Holder 4,Miscellaneous Housewares,19.99
1386,Modern Bath Mat 4,Bathroom Accessories,19.99
1387,Lightweight Trash Can,Miscellaneous Housewares,19.99
1388,Modern Grater 4,Kitchen Tools,15.99
1389,Deluxe Water Bottle 2,Drinkware,9.99
1390,Compact Dustpan 6,Miscellaneous Housewares,19.99
1391,Ceramic Colander 5,Miscellaneous Housewares,19.99
1392,Glass Oven Mitt 4,Cookware,39.99
1393,Compact Pepper Grinder 7,Miscellaneous Housewares,19.99
1394,Stainless Steel Sponge Pack 6,Cleaning Tools,19.99
1395,Glass Whisk 2,Kitchen Tools,15.99
1396,Classic Mop 3,Cleaning Tools,19.99
1397,Classic Storage Container 6,Food Storage,11.99
1398,Wooden Towel Set 4,Miscellaneous Housewares,19.99
1399,Modern Can Opener 3,Miscellaneous Housewares,19.99
1400,Heavy-Duty Serving Tray 3,Serveware,19.99
1401,Modern Mop 5,Cleaning Tools,19.99
1402,Glass Plate Set 5,Dinnerware,14.99
1403,Heavy-Duty Lunch Box 5,Food Storage,11.99
1404,Classic Soap Dispenser,Miscellaneous Housewares,19.99
1405,Insulated Towel Set 8,Miscellaneous Housewares,19.99
1406,Wooden Drawer Organizer 4,Organizers,19.99
1407,Compact Shower Curtain 4,Bathroom Accessories,19.99
1408,Modern Dustpan 2,Miscellaneous Housewares,19.99
1409,Wooden Storage Container 4,Food Storage,11.99
1410,Wooden Dustpan 6,Miscellaneous Housewares,19.99
1411,Stainless Steel Broom 4,Cleaning Tools,19.99
1412,Wooden Food Scale 3,Miscellaneous Housewares,19.99
1413,Eco Broom 4,Cleaning Tools,19.99
1414,Stainless Steel Broom 5,Cleaning Tools,19.99
1415,Classic Oven Mitt 4,Cookware,39.99
1416,Lightweight Kitchen Knife,Kitchen Tools,15.99
1417,Glass Drawer Organizer 4,Organizers,19.99
1418,Stainless Steel Saucepan,Cookware,39.99
1419,Lightweight Whisk 3,Kitchen Tools,15.99
1420,Wooden Plate Set 4,Dinnerware,14.99
1421,Ceramic Salt Shaker 8,Miscellaneous Housewares,19.99
1422,Heavy-Duty Trash Can,Miscellaneous Housewares,19.99
1423,Lightweight Trash Can 2,Miscellaneous Housewares,19.99
1424,Lightweight Salt Shaker 4,Miscellaneous Housewares,19.99
1425,Wooden Ice Cube Tray 3,Serveware,19.99
1426,Glass Grater 4,Kitchen Tools,15.99
1427,Wooden Bath Mat 4,Bathroom Accessories,19.99
1428,Wooden Grater 4,Kitchen Tools,15.99
1429,Classic Trash Can 6,Miscellaneous Housewares,19.99
1430,Compact Bath Mat 6,Bathroom Accessories,19.99
1431,Eco Coffee Mug 5,Drinkware,9.99
1432,Stainless Steel Mixing Bowl 2,Dinnerware,14.99
1433,Ceramic Saucepan 2,Cookware,39.99
1434,Premium Measuring Cup 4,Miscellaneous Housewares,19.99
1435,Premium Drawer Organizer,Organizers,19.99
1436,Lightweight Coffee Mug,Drinkware,9.99
1437,Stainless Steel Serving Tray,Serveware,19.99
1438,Compact Trash Can 5,Miscellaneous Housewares,19.99
1439,Insulated Dish Rack 3,Miscellaneous Housewares,19.99
1440,Stainless Steel Ice Cube Tray 2,Serveware,19.99
1441,Wooden Toilet Brush 7,Bathroom Accessories,19.99
1442,Heavy-Duty Water Bottle 4,Drinkware,9.99
1443,Classic Grater 5,Kitchen Tools,15.99
1444,Ceramic Storage Container 2,Food Storage,11.99
1445,Wooden Soap Dispenser 3,Miscellaneous Housewares,19.99
1446,Insulated Saucepan 4,Cookware,39.99
1447,Wooden Paper Towel Holder 4,Miscellaneous Housewares,19.99
1448,Wooden Grater 5,Kitchen Tools,15.99
1449,Eco Sponge Pack 4,Cleaning Tools,19.99
1450,Compact Towel Set 7,Miscellaneous Housewares,19.99
1451,Heavy-Duty Food Scale 4,Miscellaneous Housewares,19.99
1452,Eco Bath Mat 4,Bathroom Accessories,19.99
1453,Modern Storage Container 3,Food Storage,11.99
1454,Stainless Steel Shower Curtain 4,Bathroom Accessories,19.99
1455,Deluxe Serving Tray 5,Serveware,19.99
1456,Premium Colander 4,Miscellaneous Housewares,19.99
1457,Glass Coffee Mug 5,Drinkware,9.99
1458,Glass Mop,Cleaning Tools,19.99
1459,Stainless Steel Lunch Box,Food Storage,11.99
1460,Glass Baking Sheet 7,Cookware,39.99
1461,Wooden Plate Set 5,Dinnerware,14.99
1462,Glass Salt Shaker 5,Miscellaneous Housewares,19.99
1463,Eco Cutting Board 4,Miscellaneous Housewares,19.99
1464,Wooden Dustpan 7,Miscellaneous Housewares,19.99
1465,Wooden Paper Towel Holder 5,Miscellaneous Housewares,19.99
1466,Wooden Toilet Brush 8,Bathroom Accessories,19.99
1467,Compact Water Bottle 2,Drinkware,9.99
1468,Lightweight Skillet 2,Cookware,39.99
1469,Compact Pepper Grinder 8,Miscellaneous Housewares,19.99
1470,Premium Skillet 2,Cookware,39.99
1471,Heavy-Duty Shower Curtain 3,Bathroom Accessories,19.99
1472,Lightweight Bath Mat 4,Bathroom Accessories,19.99
1473,Heavy-Duty Measuring Cup 3,Miscellaneous Housewares,19.99
1474,Wooden Skillet 6,Cookware,39.99
1475,Modern Can Opener 4,Miscellaneous Housewares,19.99
1476,Compact Water Bottle 3,Drinkware,9.99
1477,Insulated Broom 6,Cleaning Tools,19.99
1478,Modern Whisk,Kitchen Tools,15.99
1479,Ceramic Sponge Pack 3,Cleaning Tools,19.99
1480,Insulated Drawer Organizer,Organizers,19.99
1481,Wooden Whisk 3,Kitchen Tools,15.99
1482,Eco Skillet 3,Cookware,39.99
1483,Glass Plate Set 6,Dinnerware,14.99
1484,Insulated Skillet 4,Cookware,39.99
1485,Premium Plate Set 4,Dinnerware,14.99
1486,Deluxe Cutting Board 5,Miscellaneous Housewares,19.99
1487,Deluxe Water Bottle 3,Drinkware,9.99
1488,Insulated Can Opener 4,Miscellaneous Housewares,19.99
1489,Classic Toilet Brush 4,Bathroom Accessories,19.99
1490,Eco Laundry Basket 2,Laundry Supplies,19.99
1491,Stainless Steel Drawer Organizer 4,Organizers,19.99
1492,Classic Shower Curtain 4,Bathroom Accessories,19.99
1493,Ceramic Paper Towel Holder 3,Miscellaneous Housewares,19.99
1494,Eco Baking Sheet 4,Cookware,39.99
1495,Ceramic Trash Can 3,Miscellaneous Housewares,19.99
1496,Eco Sponge Pack 5,Cleaning Tools,19.99
1497,Lightweight Mixing Bowl 5,Dinnerware,14.99
1498,Wooden Cutting Board 6,Miscellaneous Housewares,19.99
1499,Premium Grater 5,Kitchen Tools,15.99
1500,Heavy-Duty Toilet Brush,Bathroom Accessories,19.99
1501,Classic Laundry Basket 4,Laundry Supplies,19.99
1502,Stainless Steel Measuring Cup 3,Miscellaneous Housewares,19.99
1503,Glass Saucepan 6,Cookware,39.99
1504,Classic Mop 4,Cleaning Tools,19.99
1505,Premium Storage Container 3,Food Storage,11.99
1506,Wooden Mixing Bowl,Dinnerware,14.99
1507,Heavy-Duty Grater 3,Kitchen Tools,15.99
1508,Modern Bath Mat 5,Bathroom Accessories,19.99
1509,Deluxe Storage Container 5,Food Storage,11.99
1510,Insulated Plate Set 3,Dinnerware,14.99
1511,Compact Skillet 5,Cookware,39.99
1512,Glass Trash Can 2,Miscellaneous Housewares,19.99
1513,Heavy-Duty Soap Dispenser 2,Miscellaneous Housewares,19.99
1514,Modern Coffee Mug 5,Drinkware,9.99
1515,Lightweight Cutting Board 4,Miscellaneous Housewares,19.99
1516,Wooden Broom 5,Cleaning Tools,19.99
1517,Eco Mop 5,Cleaning Tools,19.99
1518,Heavy-Duty Toilet Brush 2,Bathroom Accessories,19.99
1519,Classic Ice Cube Tray 6,Serveware,19.99
1520,Wooden Soap Dispenser 4,Miscellaneous Housewares,19.99
1521,Classic Mop 5,Cleaning Tools,19.99
1522,Deluxe Grater 4,Kitchen Tools,15.99
1523,Deluxe Spatula 2,Kitchen Tools,15.99
1524,Modern Oven Mitt 3,Cookware,39.99
1525,Deluxe Bath Mat 4,Bathroom Accessories,19.99
1526,Wooden Towel Set 5,Miscellaneous Housewares,19.99
1527,Heavy-Duty Water Bottle 5,Drinkware,9.99
1528,Eco Pepper Grinder 3,Miscellaneous Housewares,19.99
1529,Modern Soap Dispenser 5,Miscellaneous Housewares,19.99
1530,Deluxe Pepper Grinder 4,Miscellaneous Housewares,19.99
1531,Ceramic Mop 3,Cleaning Tools,19.99
1532,Lightweight Pepper Grinder 2,Miscellaneous Housewares,19.99
1533,Deluxe Oven Mitt 5,Cookware,39.99
1534,Classic Mop 6,Cleaning Tools,19.99
1535,Wooden Bath Mat 5,Bathroom Accessories,19.99
1536,Lightweight Spatula 10,Kitchen Tools,15.99
1537,Insulated Colander 2,Miscellaneous Housewares,19.99
1538,Classic Salt Shaker 6,Miscellaneous Housewares,19.99
1539,Heavy-Duty Mixing Bowl 2,Dinnerware,14.99
1540,Stainless Steel Grater,Kitchen Tools,15.99
1541,Glass Toilet Brush 4,Bathroom Accessories,19.99
1542,Ceramic Bath Mat 2,Bathroom Accessories,19.99
1543,Modern Rolling Pin 3,Miscellaneous Housewares,19.99
1544,Eco Pepper Grinder 4,Miscellaneous Housewares,19.99
1545,Classic Measuring Cup 5,Miscellaneous Housewares,19.99
1546,Premium Food Scale 3,Miscellaneous Housewares,19.99
1547,Stainless Steel Broom 6,Cleaning Tools,19.99
1548,Heavy-Duty Dish Rack 3,Miscellaneous Housewares,19.99
1549,Compact Measuring Cup 4,Miscellaneous Housewares,19.99
1550,Insulated Cutting Board 3,Miscellaneous Housewares,19.99
1551,Eco Storage Container 4,Food Storage,11.99
1552,Heavy-Duty Colander 4,Miscellaneous Housewares,19.99
1553,Insulated Lunch Box 8,Food Storage,11.99
1554,Wooden Measuring Cup 2,Miscellaneous Housewares,19.99
1555,Compact Dish Rack,Miscellaneous Housewares,19.99
1556,Modern Lunch Box 3,Food Storage,11.99
1557,Ceramic Serving Tray 6,Serveware,19.99
1558,Compact Soap Dispenser 5,Miscellaneous Housewares,19.99
1559,Modern Trash Can 5,Miscellaneous Housewares,19.99
1560,Wooden Toilet Brush 9,Bathroom Accessories,19.99
1561,Glass Kitchen Knife 6,Kitchen Tools,15.99
1562,Insulated Salt Shaker 3,Miscellaneous Housewares,19.99
1563,Lightweight Colander 4,Miscellaneous Housewares,19.99
1564,Modern Can Opener 5,Miscellaneous Housewares,19.99
1565,Lightweight Mixing Bowl 6,Dinnerware,14.99
1566,Lightweight Lunch Box 2,Food Storage,11.99
1567,Deluxe Drawer Organizer 4,Organizers,19.99
1568,Premium Tea Kettle 5,Drinkware,9.99
1569,Premium Coffee Mug 4,Drinkware,9.99
1570,Insulated Salt Shaker 4,Miscellaneous Housewares,19.99
1571,Insulated Mixing Bowl 5,Dinnerware,14.99
1572,Insulated Pepper Grinder 3,Miscellaneous Housewares,19.99
1573,Lightweight Plate Set 4,Dinnerware,14.99
1574,Ceramic Tea Kettle 3,Drinkware,9.99
1575,Ceramic Storage Container 3,Food Storage,11.99
1576,Glass Grater 5,Kitchen Tools,15.99
1577,Heavy-Duty Ice Cube Tray,Serveware,19.99
1578,Insulated Lunch Box 9,Food Storage,11.99
1579,Lightweight Serving Tray 2,Serveware,19.99
1580,Insulated Broom 7,Cleaning Tools,19.99
1581,Insulated Baking Sheet 2,Cookware,39.99
1582,Lightweight Oven Mitt,Cookware,39.99
1583,Classic Grater 6,Kitchen Tools,15.99
1584,Compact Ice Cube Tray 3,Serveware,19.99
1585,Classic Dustpan,Miscellaneous Housewares,19.99
1586,Lightweight Paper Towel Holder 4,Miscellaneous Housewares,19.99
1587,Lightweight Oven Mitt 2,Cookware,39.99
1588,Eco Drawer Organizer 5,Organizers,19.99
1589,Lightweight Food Scale 5,Miscellaneous Housewares,19.99
1590,Lightweight Laundry Basket 4,Laundry Supplies,19.99
1591,Deluxe Saucepan 4,Cookware,39.99
1592,Modern Saucepan 2,Cookware,39.99
1593,Insulated Food Scale 4,Miscellaneous Housewares,19.99
1594,Classic Coffee Mug 6,Drinkware,9.99
1595,Classic Salt Shaker 7,Miscellaneous Housewares,19.99
1596,Classic Spatula 8,Kitchen Tools,15.99
1597,Deluxe Grater 5,Kitchen Tools,15.99
1598,Eco Drawer Organizer 6,Organizers,19.99
1599,Modern Salt Shaker 3,Miscellaneous Housewares,19.99
1600,Deluxe Storage Container 6,Food Storage,11.99
1601,Eco Rolling Pin 3,Miscellaneous Housewares,19.99
1602,Eco Mixing Bowl 3,Dinnerware,14.99
1603,Deluxe Pepper Grinder 5,Miscellaneous Housewares,19.99
1604,Lightweight Rolling Pin 3,Miscellaneous Housewares,19.99
1605,Insulated Plate Set 4,Dinnerware,14.99
1606,Premium Oven Mitt 3,Cookware,39.99
1607,Stainless Steel Skillet 4,Cookware,39.99
1608,Glass Paper Towel Holder 3,Miscellaneous Housewares,19.99
1609,Premium Paper Towel Holder 2,Miscellaneous Housewares,19.99
1610,Premium Lunch Box 7,Food Storage,11.99
1611,Heavy-Duty Laundry Basket 4,Laundry Supplies,19.99
1612,Premium Whisk 4,Kitchen Tools,15.99
1613,Compact Skillet 6,Cookware,39.99
1614,Modern Saucepan 3,Cookware,39.99
1615,Lightweight Mixing Bowl 7,Dinnerware,14.99
1616,Compact Salt Shaker 2,Miscellaneous Housewares,19.99
1617,Glass Bath Mat 2,Bathroom Accessories,19.99
1618,Glass Oven Mitt 5,Cookware,39.99
1619,Modern Oven Mitt 4,Cookware,39.99
1620,Wooden Ice Cube Tray 4,Serveware,19.99
1621,Insulated Soap Dispenser 4,Miscellaneous Housewares,19.99
1622,Heavy-Duty Dish Rack 4,Miscellaneous Housewares,19.99
1623,Heavy-Duty Water Bottle 6,Drinkware,9.99
1624,Insulated Plate Set 5,Dinnerware,14.99
1625,Ceramic Baking Sheet 3,Cookware,39.99
1626,Insulated Whisk 3,Kitchen Tools,15.99
1627,Eco Plate Set 3,Dinnerware,14.99
1628,Stainless Steel Kitchen Knife,Kitchen Tools,15.99
1629,Premium Kitchen Knife 3,Kitchen Tools,15.99
1630,Deluxe Rolling Pin 3,Miscellaneous Housewares,19.99
1631,Ceramic Ice Cube Tray 5,Serveware,19.99
1632,Modern Tea Kettle 2,Drinkware,9.99
1633,Deluxe Laundry Basket 3,Laundry Supplies,19.99
1634,Modern Tea Kettle 3,Drinkware,9.99
1635,Lightweight Towel Set 3,Miscellaneous Housewares,19.99
1636,Lightweight Tea Kettle 3,Drinkware,9.99
1637,Eco Measuring Cup 5,Miscellaneous Housewares,19.99
1638,Premium Toilet Brush 2,Bathroom Accessories,19.99
1639,Stainless Steel Trash Can 6,Miscellaneous Housewares,19.99
1640,Eco Salt Shaker 9,Miscellaneous Housewares,19.99
1641,Insulated Trash Can,Miscellaneous Housewares,19.99
1642,Heavy-Duty Dustpan 2,Miscellaneous Housewares,19.99
1643,Modern Measuring Cup 3,Miscellaneous Housewares,19.99
1644,Insulated Pepper Grinder 4,Miscellaneous Housewares,19.99
1645,Insulated Storage Container 4,Food Storage,11.99
1646,Classic Can Opener 4,Miscellaneous Housewares,19.99
1647,Heavy-Duty Lunch Box 6,Food Storage,11.99
1648,Classic Laundry Basket 5,Laundry Supplies,19.99
1649,Compact Can Opener 4,Miscellaneous Housewares,19.99
1650,Premium Colander 5,Miscellaneous Housewares,19.99
1651,Lightweight Towel Set 4,Miscellaneous Housewares,19.99
1652,Wooden Bath Mat 6,Bathroom Accessories,19.99
1653,Premium Paper Towel Holder 3,Miscellaneous Housewares,19.99
1654,Modern Plate Set 3,Dinnerware,14.99
1655,Modern Tea Kettle 4,Drinkware,9.99
1656,Glass Oven Mitt 6,Cookware,39.99
1657,Insulated Measuring Cup 5,Miscellaneous Housewares,19.99
1658,Glass Spatula 3,Kitchen Tools,15.99
1659,Wooden Mixing Bowl 2,Dinnerware,14.99
1660,Deluxe Measuring Cup 4,Miscellaneous Housewares,19.99
1661,Heavy-Duty Rolling Pin 2,Miscellaneous Housewares,19.99
1662,Insulated Colander 3,Miscellaneous Housewares,19.99
1663,Stainless Steel Trash Can 7,Miscellaneous Housewares,19.99
1664,Modern Grater 5,Kitchen Tools,15.99
1665,Insulated Coffee Mug,Drinkware,9.99
1666,Deluxe Laundry Basket 4,Laundry Supplies,19.99
1667,Classic Coffee Mug 7,Drinkware,9.99
1668,Modern Baking Sheet 3,Cookware,39.99
1669,Lightweight Broom 3,Cleaning Tools,19.99
1670,Eco Towel Set 2,Miscellaneous Housewares,19.99
1671,Stainless Steel Bath Mat,Bathroom Accessories,19.99
1672,Lightweight Broom 4,Cleaning Tools,19.99
1673,Deluxe Can Opener 5,Miscellaneous Housewares,19.99
1674,Insulated Serving Tray 3,Serveware,19.99
1675,Premium Lunch Box 8,Food Storage,11.99
1676,Deluxe Water Bottle 4,Drinkware,9.99
1677,Eco Skillet 4,Cookware,39.99
1678,Heavy-Duty Colander 5,Miscellaneous Housewares,19.99
1679,Ceramic Tea Kettle 4,Drinkware,9.99
1680,Classic Plate Set 4,Dinnerware,14.99
1681,Modern Grater 6,Kitchen Tools,15.99
1682,Classic Dish Rack 4,Miscellaneous Housewares,19.99
1683,Ceramic Storage Container 4,Food Storage,11.99
1684,Classic Shower Curtain 5,Bathroom Accessories,19.99
1685,Stainless Steel Dish Rack 6,Miscellaneous Housewares,19.99
1686,Wooden Colander 3,Miscellaneous Housewares,19.99
1687,Deluxe Lunch Box,Food Storage,11.99
1688,Insulated Dish Rack 4,Miscellaneous Housewares,19.99
1689,Compact Toilet Brush 2,Bathroom Accessories,19.99
1690,Classic Food Scale 2,Miscellaneous Housewares,19.99
1691,Premium Rolling Pin 2,Miscellaneous Housewares,19.99
1692,Compact Dish Rack 2,Miscellaneous Housewares,19.99
1693,Premium Towel Set 4,Miscellaneous Housewares,19.99
1694,Premium Cutting Board 3,Miscellaneous Housewares,19.99
1695,Heavy-Duty Saucepan,Cookware,39.99
1696,Deluxe Water Bottle 5,Drinkware,9.99
1697,Stainless Steel Water Bottle 4,Drinkware,9.99
1698,Modern Dish Rack 6,Miscellaneous Housewares,19.99
1699,Compact Baking Sheet 2,Cookware,39.99
1700,Premium Soap Dispenser 3,Miscellaneous Housewares,19.99
1701,Heavy-Duty Coffee Mug 4,Drinkware,9.99
1702,Deluxe Laundry Basket 5,Laundry Supplies,19.99
1703,Lightweight Ice Cube Tray 2,Serveware,19.99
1704,Classic Skillet 3,Cookware,39.99
1705,Lightweight Toilet Brush 3,Bathroom Accessories,19.99
1706,Wooden Soap Dispenser 5,Miscellaneous Housewares,19.99
1707,Heavy-Duty Food Scale 5,Miscellaneous Housewares,19.99
1708,Stainless Steel Cutting Board 3,Miscellaneous Housewares,19.99
1709,Glass Saucepan 7,Cookware,39.99
1710,Compact Soap Dispenser 6,Miscellaneous Housewares,19.99
1711,Modern Drawer Organizer 5,Organizers,19.99
1712,Eco Coffee Mug 6,Drinkware,9.99
1713,Premium Saucepan 3,Cookware,39.99
1714,Compact Oven Mitt 4,Cookware,39.99
1715,Modern Whisk 2,Kitchen Tools,15.99
1716,Heavy-Duty Storage Container 3,Food Storage,11.99
1717,Premium Tea Kettle 6,Drinkware,9.99
1718,Insulated Colander 4,Miscellaneous Housewares,19.99
1719,Stainless Steel Oven Mitt 7,Cookware,39.99
1720,Insulated Trash Can 2,Miscellaneous Housewares,19.99
1721,Heavy-Duty Laundry Basket 5,Laundry Supplies,19.99
1722,Ceramic Trash Can 4,Miscellaneous Housewares,19.99
1723,Deluxe Paper Towel Holder 4,Miscellaneous Housewares,19.99
1724,Compact Water Bottle 4,Drinkware,9.99
1725,Wooden Laundry Basket 3,Laundry Supplies,19.99
1726,Wooden Grater 6,Kitchen Tools,15.99
1727,Deluxe Food Scale 4,Miscellaneous Housewares,19.99
1728,Glass Shower Curtain 2,Bathroom Accessories,19.99
1729,Classic Mop 7,Cleaning Tools,19.99
1730,Glass Baking Sheet 8,Cookware,39.99
1731,Wooden Trash Can 2,Miscellaneous Housewares,19.99
1732,Heavy-Duty Broom 2,Cleaning Tools,19.99
1733,Premium Toilet Brush 3,Bathroom Accessories,19.99
1734,Ceramic Can Opener 6,Miscellaneous Housewares,19.99
1735,Modern Laundry Basket 4,Laundry Supplies,19.99
1736,Premium Cutting Board 4,Miscellaneous Housewares,19.99
1737,Insulated Mixing Bowl 6,Dinnerware,14.99
1738,Classic Laundry Basket 6,Laundry Supplies,19.99
1739,Stainless Steel Ice Cube Tray 3,Serveware,19.99
1740,Lightweight Rolling Pin 4,Miscellaneous Housewares,19.99
1741,Insulated Measuring Cup 6,Miscellaneous Housewares,19.99
1742,Ceramic Food Scale 3,Miscellaneous Housewares,19.99
1743,Eco Whisk 4,Kitchen Tools,15.99
1744,Heavy-Duty Dish Rack 5,Miscellaneous Housewares,19.99
1745,Wooden Salt Shaker 3,Miscellaneous Housewares,19.99
1746,Glass Dish Rack 5,Miscellaneous Housewares,19.99
1747,Modern Kitchen Knife 4,Kitchen Tools,15.99
1748,Modern Storage Container 4,Food Storage,11.99
1749,Modern Towel Set 3,Miscellaneous Housewares,19.99
1750,Ceramic Toilet Brush 6,Bathroom Accessories,19.99
1751,Wooden Colander 4,Miscellaneous Housewares,19.99
1752,Lightweight Mop 3,Cleaning Tools,19.99
1753,Compact Sponge Pack 2,Cleaning Tools,19.99
1754,Classic Whisk 5,Kitchen Tools,15.99
1755,Insulated Shower Curtain 3,Bathroom Accessories,19.99
1756,Insulated Bath Mat 5,Bathroom Accessories,19.99
1757,Wooden Toilet Brush 10,Bathroom Accessories,19.99
1758,Lightweight Food Scale 6,Miscellaneous Housewares,19.99
1759,Modern Measuring Cup 4,Miscellaneous Housewares,19.99
1760,Lightweight Measuring Cup,Miscellaneous Housewares,19.99
1761,Glass Sponge Pack 7,Cleaning Tools,19.99
1762,Eco Dustpan 4,Miscellaneous Housewares,19.99
1763,Modern Food Scale 2,Miscellaneous Housewares,19.99
1764,Wooden Colander 5,Miscellaneous Housewares,19.99
1765,Eco Grater 2,Kitchen Tools,15.99
1766,Eco Food Scale 7,Miscellaneous Housewares,19.99
1767,Classic Ice Cube Tray 7,Serveware,19.99
1768,Lightweight Lunch Box 3,Food Storage,11.99
1769,Glass Whisk 3,Kitchen Tools,15.99
1770,Insulated Colander 5,Miscellaneous Housewares,19.99
1771,Deluxe Tea Kettle 5,Drinkware,9.99
1772,Ceramic Pepper Grinder 3,Miscellaneous Housewares,19.99
1773,Ceramic Pepper Grinder 4,Miscellaneous Housewares,19.99
1774,Classic Ice Cube Tray 8,Serveware,19.99
1775,Premium Measuring Cup 5,Miscellaneous Housewares,19.99
1776,Deluxe Coffee Mug 6,Drinkware,9.99
1777,Modern Plate Set 4,Dinnerware,14.99
1778,Wooden Trash Can 3,Miscellaneous Housewares,19.99
1779,Compact Grater 2,Kitchen Tools,15.99
1780,Insulated Trash Can 3,Miscellaneous Housewares,19.99
1781,Glass Serving Tray 4,Serveware,19.99
1782,Eco Trash Can 5,Miscellaneous Housewares,19.99
1783,Modern Towel Set 4,Miscellaneous Housewares,19.99
1784,Wooden Coffee Mug 5,Drinkware,9.99
1785,Modern Food Scale 3,Miscellaneous Housewares,19.99
1786,Eco Sponge Pack 6,Cleaning Tools,19.99
1787,Wooden Tea Kettle 2,Drinkware,9.99
1788,Lightweight Laundry Basket 5,Laundry Supplies,19.99
1789,Glass Tea Kettle 2,Drinkware,9.99
1790,Modern Trash Can 6,Miscellaneous Housewares,19.99
1791,Insulated Colander 6,Miscellaneous Housewares,19.99
1792,Premium Baking Sheet 9,Cookware,39.99
1793,Wooden Grater 7,Kitchen Tools,15.99
1794,Glass Soap Dispenser,Miscellaneous Housewares,19.99
1795,Classic Dish Rack 5,Miscellaneous Housewares,19.99
1796,Heavy-Duty Can Opener 2,Miscellaneous Housewares,19.99
1797,Insulated Bath Mat 6,Bathroom Accessories,19.99
1798,Insulated Dish Rack 5,Miscellaneous Housewares,19.99
1799,Insulated Dish Rack 6,Miscellaneous Housewares,19.99
1800,Glass Paper Towel Holder 4,Miscellaneous Housewares,19.99
1801,Heavy-Duty Pepper Grinder 3,Miscellaneous Housewares,19.99
1802,Lightweight Measuring Cup 2,Miscellaneous Housewares,19.99
1803,Deluxe Skillet 4,Cookware,39.99
1804,Compact Mixing Bowl 4,Dinnerware,14.99
1805,Stainless Steel Storage Container 3,Food Storage,11.99
1806,Premium Bath Mat 7,Bathroom Accessories,19.99
1807,Wooden Rolling Pin 3,Miscellaneous Housewares,19.99
1808,Modern Oven Mitt 5,Cookware,39.99
1809,Compact Shower Curtain 5,Bathroom Accessories,19.99
1810,Compact Sponge Pack 3,Cleaning Tools,19.99
1811,Deluxe Saucepan 5,Cookware,39.99
1812,Classic Paper Towel Holder 4,Miscellaneous Housewares,19.99
1813,Glass Whisk 4,Kitchen Tools,15.99
1814,Eco Towel Set 3,Miscellaneous Housewares,19.99
1815,Wooden Trash Can 4,Miscellaneous Housewares,19.99
1816,Premium Grater 6,Kitchen Tools,15.99
1817,Wooden Sponge Pack 7,Cleaning Tools,19.99
1818,Heavy-Duty Mixing Bowl 3,Dinnerware,14.99
1819,Modern Baking Sheet 4,Cookware,39.99
1820,Glass Paper Towel Holder 5,Miscellaneous Housewares,19.99
1821,Premium Colander 6,Miscellaneous Housewares,19.99
1822,Ceramic Drawer Organizer 5,Organizers,19.99
1823,Deluxe Food Scale 5,Miscellaneous Housewares,19.99
1824,Eco Baking Sheet 5,Cookware,39.99
1825,Modern Bath Mat 6,Bathroom Accessories,19.99
1826,Ceramic Salt Shaker 9,Miscellaneous Housewares,19.99
1827,Classic Storage Container 7,Food Storage,11.99
1828,Modern Shower Curtain 3,Bathroom Accessories,19.99
1829,Classic Tea Kettle 4,Drinkware,9.99
1830,Classic Cutting Board 6,Miscellaneous Housewares,19.99
1831,Stainless Steel Grater 2,Kitchen Tools,15.99
1832,Lightweight Mixing Bowl 8,Dinnerware,14.99
1833,Deluxe Baking Sheet 5,Cookware,39.99
1834,Stainless Steel Serving Tray 2,Serveware,19.99
1835,Classic Baking Sheet,Cookware,39.99
1836,Compact Water Bottle 5,Drinkware,9.99
1837,Classic Whisk 6,Kitchen Tools,15.99
1838,Premium Tea Kettle 7,Drinkware,9.99
1839,Modern Paper Towel Holder 4,Miscellaneous Housewares,19.99
1840,Modern Salt Shaker 4,Miscellaneous Housewares,19.99
1841,Insulated Laundry Basket 7,Laundry Supplies,19.99
1842,Ceramic Towel Set 5,Miscellaneous Housewares,19.99
1843,Eco Storage Container 5,Food Storage,11.99
1844,Compact Towel Set 8,Miscellaneous Housewares,19.99
1845,Wooden Oven Mitt,Cookware,39.99
1846,Glass Coffee Mug 6,Drinkware,9.99
1847,Deluxe Measuring Cup 5,Miscellaneous Housewares,19.99
1848,Heavy-Duty Paper Towel Holder 6,Miscellaneous Housewares,19.99
1849,Compact Trash Can 6,Miscellaneous Housewares,19.99
1850,Wooden Salt Shaker 4,Miscellaneous Housewares,19.99
1851,Eco Lunch Box,Food Storage,11.99
1852,Stainless Steel Rolling Pin 4,Miscellaneous Housewares,19.99
1853,Deluxe Saucepan 6,Cookware,39.99
1854,Glass Rolling Pin 3,Miscellaneous Housewares,19.99
1855,Ceramic Soap Dispenser 2,Miscellaneous Housewares,19.99
1856,Heavy-Duty Paper Towel Holder 7,Miscellaneous Housewares,19.99
1857,Stainless Steel Dustpan 5,Miscellaneous Housewares,19.99
1858,Glass Ice Cube Tray 2,Serveware,19.99
1859,Classic Cutting Board 7,Miscellaneous Housewares,19.99
1860,Compact Shower Curtain 6,Bathroom Accessories,19.99
1861,Glass Can Opener 5,Miscellaneous Housewares,19.99
1862,Wooden Oven Mitt 2,Cookware,39.99
1863,Stainless Steel Tea Kettle 3,Drinkware,9.99
1864,Ceramic Storage Container 5,Food Storage,11.99
1865,Compact Broom 3,Cleaning Tools,19.99
1866,Stainless Steel Bath Mat 2,Bathroom Accessories,19.99
1867,Wooden Whisk 4,Kitchen Tools,15.99
1868,Wooden Drawer Organizer 5,Organizers,19.99
1869,Eco Drawer Organizer 7,Organizers,19.99
1870,Compact Baking Sheet 3,Cookware,39.99
1871,Glass Salt Shaker 6,Miscellaneous Housewares,19.99
1872,Stainless Steel Food Scale 5,Miscellaneous Housewares,19.99
1873,Glass Saucepan 8,Cookware,39.99
1874,Lightweight Food Scale 7,Miscellaneous Housewares,19.99
1875,Premium Colander 7,Miscellaneous Housewares,19.99
1876,Stainless Steel Storage Container 4,Food Storage,11.99
1877,Stainless Steel Colander 4,Miscellaneous Housewares,19.99
1878,Insulated Broom 8,Cleaning Tools,19.99
1879,Insulated Dish Rack 7,Miscellaneous Housewares,19.99
1880,Deluxe Spatula 3,Kitchen Tools,15.99
1881,Heavy-Duty Grater 4,Kitchen Tools,15.99
1882,Modern Ice Cube Tray,Serveware,19.99
1883,Lightweight Tea Kettle 4,Drinkware,9.99
1884,Modern Skillet 7,Cookware,39.99
1885,Heavy-Duty Ice Cube Tray 2,Serveware,19.99
1886,Lightweight Tea Kettle 5,Drinkware,9.99
1887,Compact Spatula 4,Kitchen Tools,15.99
1888,Eco Mixing Bowl 4,Dinnerware,14.99
1889,Heavy-Duty Food Scale 6,Miscellaneous Housewares,19.99
1890,Modern Paper Towel Holder 5,Miscellaneous Housewares,19.99
1891,Heavy-Duty Pepper Grinder 4,Miscellaneous Housewares,19.99
1892,Stainless Steel Serving Tray 3,Serveware,19.99
1893,Ceramic Sponge Pack 4,Cleaning Tools,19.99
1894,Classic Kitchen Knife 5,Kitchen Tools,15.99
1895,Deluxe Toilet Brush 3,Bathroom Accessories,19.99
1896,Wooden Grater 8,Kitchen Tools,15.99
1897,Ceramic Sponge Pack 5,Cleaning Tools,19.99
1898,Eco Water Bottle 7,Drinkware,9.99
1899,Lightweight Ice Cube Tray 3,Serveware,19.99
1900,Classic Ice Cube Tray 9,Serveware,19.99
1901,Insulated Tea Kettle 3,Drinkware,9.99
1902,Modern Bath Mat 7,Bathroom Accessories,19.99
1903,Glass Food Scale 7,Miscellaneous Housewares,19.99
1904,Stainless Steel Pepper Grinder 7,Miscellaneous Housewares,19.99
1905,Wooden Tea Kettle 3,Drinkware,9.99
1906,Glass Dustpan 4,Miscellaneous Housewares,19.99
1907,Insulated Plate Set 6,Dinnerware,14.99
1908,Heavy-Duty Can Opener 3,Miscellaneous Housewares,19.99
1909,Eco Mixing Bowl 5,Dinnerware,14.99
1910,Compact Can Opener 5,Miscellaneous Housewares,19.99
1911,Premium Mop 3,Cleaning Tools,19.99
1912,Wooden Sponge Pack 8,Cleaning Tools,19.99
1913,Classic Bath Mat 4,Bathroom Accessories,19.99
1914,Eco Bath Mat 5,Bathroom Accessories,19.99
1915,Lightweight Coffee Mug 2,Drinkware,9.99
1916,Classic Oven Mitt 5,Cookware,39.99
1917,Classic Lunch Box 4,Food Storage,11.99
1918,Ceramic Mixing Bowl 5,Dinnerware,14.99
1919,Compact Dish Rack 3,Miscellaneous Housewares,19.99
1920,Glass Toilet Brush 5,Bathroom Accessories,19.99
1921,Deluxe Rolling Pin 4,Miscellaneous Housewares,19.99
1922,Ceramic Trash Can 5,Miscellaneous Housewares,19.99
1923,Classic Spatula 9,Kitchen Tools,15.99
1924,Heavy-Duty Saucepan 2,Cookware,39.99
1925,Lightweight Baking Sheet 6,Cookware,39.99
1926,Eco Cutting Board 5,Miscellaneous Housewares,19.99
1927,Heavy-Duty Broom 3,Cleaning Tools,19.99
1928,Classic Dustpan 2,Miscellaneous Housewares,19.99
1929,Classic Can Opener 5,Miscellaneous Housewares,19.99
1930,Glass Mop 2,Cleaning Tools,19.99
1931,Compact Ice Cube Tray 4,Serveware,19.99
1932,Deluxe Dustpan 6,Miscellaneous Housewares,19.99
1933,Insulated Skillet 5,Cookware,39.99
1934,Ceramic Whisk 3,Kitchen Tools,15.99
1935,Heavy-Duty Towel Set 3,Miscellaneous Housewares,19.99
1936,Classic Whisk 7,Kitchen Tools,15.99
1937,Glass Trash Can 3,Miscellaneous Housewares,19.99
1938,Stainless Steel Cutting Board 4,Miscellaneous Housewares,19.99
1939,Wooden Tea Kettle 4,Drinkware,9.99
1940,Insulated Mixing Bowl 7,Dinnerware,14.99
1941,Compact Plate Set 7,Dinnerware,14.99
1942,Lightweight Pepper Grinder 3,Miscellaneous Housewares,19.99
1943,Heavy-Duty Mixing Bowl 4,Dinnerware,14.99
1944,Classic Grater 7,Kitchen Tools,15.99
1945,Glass Tea Kettle 3,Drinkware,9.99
1946,Compact Ice Cube Tray 5,Serveware,19.99
1947,Glass Grater 6,Kitchen Tools,15.99
1948,Classic Ice Cube Tray 10,Serveware,19.99
1949,Ceramic Measuring Cup 3,Miscellaneous Housewares,19.99
1950,Lightweight Plate Set 5,Dinnerware,14.99
1951,Glass Food Scale 8,Miscellaneous Housewares,19.99
1952,Premium Rolling Pin 3,Miscellaneous Housewares,19.99
1953,Glass Toilet Brush 6,Bathroom Accessories,19.99
1954,Classic Cutting Board 8,Miscellaneous Housewares,19.99
1955,Compact Saucepan 4,Cookware,39.99
1956,Wooden Storage Container 5,Food Storage,11.99
1957,Insulated Paper Towel Holder 4,Miscellaneous Housewares,19.99
1958,Modern Dish Rack 7,Miscellaneous Housewares,19.99
1959,Heavy-Duty Laundry Basket 6,Laundry Supplies,19.99
1960,Stainless Steel Kitchen Knife 2,Kitchen Tools,15.99
1961,Compact Coffee Mug 3,Drinkware,9.99
1962,Premium Grater 7,Kitchen Tools,15.99
1963,Stainless Steel Broom 7,Cleaning Tools,19.99
1964,Ceramic Dustpan 8,Miscellaneous Housewares,19.99
1965,Eco Mixing Bowl 6,Dinnerware,14.99
1966,Lightweight Paper Towel Holder 5,Miscellaneous Housewares,19.99
1967,Ceramic Kitchen Knife 5,Kitchen Tools,15.99
1968,Heavy-Duty Bath Mat 5,Bathroom Accessories,19.99
1969,Wooden Mixing Bowl 3,Dinnerware,14.99
1970,Glass Spatula 4,Kitchen Tools,15.99
1971,Insulated Sponge Pack,Cleaning Tools,19.99
1972,Modern Baking Sheet 5,Cookware,39.99
1973,Classic Bath Mat 5,Bathroom Accessories,19.99
1974,Modern Dustpan 3,Miscellaneous Housewares,19.99
1975,Eco Dish Rack 3,Miscellaneous Housewares,19.99
1976,Eco Lunch Box 2,Food Storage,11.99
1977,Insulated Skillet 6,Cookware,39.99
1978,Stainless Steel Serving Tray 4,Serveware,19.99
1979,Stainless Steel Plate Set 3,Dinnerware,14.99
1980,Stainless Steel Grater 3,Kitchen Tools,15.99
1981,Deluxe Grater 6,Kitchen Tools,15.99
1982,Eco Dish Rack 4,Miscellaneous Housewares,19.99
1983,Stainless Steel Tea Kettle 4,Drinkware,9.99
1984,Compact Paper Towel Holder 5,Miscellaneous Housewares,19.99
1985,Insulated Lunch Box 10,Food Storage,11.99
1986,Glass Sponge Pack 8,Cleaning Tools,19.99
1987,Classic Mop 8,Cleaning Tools,19.99
1988,Deluxe Water Bottle 6,Drinkware,9.99
1989,Stainless Steel Cutting Board 5,Miscellaneous Housewares,19.99
1990,Heavy-Duty Rolling Pin 3,Miscellaneous Housewares,19.99
1991,Compact Lunch Box 4,Food Storage,11.99
1992,Eco Paper Towel Holder 4,Miscellaneous Housewares,19.99
1993,Wooden Pepper Grinder 2,Miscellaneous Housewares,19.99
1994,Compact Bath Mat 7,Bathroom Accessories,19.99
1995,Heavy-Duty Soap Dispenser 3,Miscellaneous Housewares,19.99
1996,Ceramic Rolling Pin 2,Miscellaneous Housewares,19.99
1997,Insulated Bath Mat 7,Bathroom Accessories,19.99
1998,Premium Trash Can 3,Miscellaneous Housewares,19.99
1999,Stainless Steel Spatula 7,Kitchen Tools,15.99
2000,Heavy-Duty Kitchen Knife,Kitchen Tools,15.99
